Date,Close,Volume,Open,High,Low
12/26/2025,$94.47 ,22068280,$93.48 ,$94.69 ,$93.27 
12/24/2025,$93.64 ,12427900,$93.11 ,$93.68 ,$92.67 
12/23/2025,$93.50 ,25896230,$93.40 ,$93.81 ,$91.33 
12/22/2025,$93.23 ,39484770,$94.71 ,$94.71 ,$92.91 
12/19/2025,$94.39 ,78990150,$93.57 ,$95.54 ,$93.45 
12/18/2025,$94.00 ,37244730,$95.02 ,$95.81 ,$93.59 
12/17/2025,$94.79 ,50472780,$95.98 ,$97.33 ,$94.46 
12/16/2025,$94.57 ,34264990,$93.88 ,$94.93 ,$93.32 
12/15/2025,$93.77 ,40016460,$96.02 ,$96.37 ,$93.53 
12/12/2025,$95.19 ,49323120,$95.50 ,$96.92 ,$94.65 
12/11/2025,$94.09 ,43949010,$93.90 ,$94.82 ,$92.76 
12/10/2025,$92.71 ,74129270,$96.74 ,$96.97 ,$92.35 
12/9/2025,$96.71 ,51745580,$97.03 ,$97.24 ,$95.45 
12/8/2025,$96.79 ,100906300,$99.87 ,$99.89 ,$95.30 
12/5/2025,$100.24 ,133363600,$98.78 ,$104.79 ,$97.74 
12/4/2025,$103.22 ,51779140,$103.57 ,$103.80 ,$101.77 
12/3/2025,$103.96 ,53593400,$106.59 ,$106.87 ,$102.03 
12/2/2025,$109.35 ,25762980,$109.21 ,$109.73 ,$107.52 
12/1/2025,$109.13 ,24873390,$106.51 ,$109.34 ,$106.31 
11/28/2025,$107.58 ,15021610,$106.44 ,$107.94 ,$106.24 
11/26/2025,$106.14 ,27951010,$105.74 ,$106.95 ,$105.22 
11/25/2025,$104.40 ,35122560,$106.12 ,$106.30 ,$103.82 
11/24/2025,$106.97 ,62918290,$104.25 ,$108.04 ,$103.32 
11/21/2025,$104.31 ,41232690,$105.13 ,$106.53 ,$103.81 
11/20/2025,$105.67 ,36918550,$111.00 ,$111.10 ,$105.39 
11/19/2025,$110.00 ,31868090,$113.00 ,$113.34 ,$108.61 
11/18/2025,$114.09 ,43440570,$110.29 ,$115.25 ,$109.20 
11/17/2025,$110.29 ,26082730,$110.75 ,$111.85 ,$109.55 
11/14/2025,$111.22 ,47607130,$114.27 ,$114.27 ,$110.72 
11/13/2025,$115.42 ,40143590,$115.85 ,$116.73 ,$114.57 
11/12/2025,$115.75 ,39220570,$113.82 ,$116.43 ,$112.83 
11/11/2025,$113.64 ,27965940,$111.76 ,$113.92 ,$111.28 
11/10/2025,$112.01 ,36929000,$110.67 ,$112.82 ,$110.41 
11/7/2025,$110.37 ,44125340,$109.42 ,$110.82 ,$108.75 
11/6/2025,$109.70 ,36531700,$109.46 ,$110.37 ,$108.51 
11/5/2025,$109.85 ,35539170,$108.50 ,$110.09 ,$107.34 
11/4/2025,$109.30 ,38717800,$110.00 ,$110.46 ,$108.67 
11/3/2025,$110.01 ,58634390,$113.32 ,$113.35 ,$107.52 
10/31/2025,$111.89 ,68665000,$110.54 ,$113.49 ,$110.20 
10/30/2025,$108.90 ,41580990,$109.44 ,$110.62 ,$108.81 
10/29/2025,$110.04 ,33994870,$109.98 ,$110.86 ,$109.60 
10/28/2025,$110.25 ,40209010,$109.40 ,$111.70 ,$109.30 
10/27/2025,$109.46 ,46911140,$110.07 ,$110.23 ,$108.73 
10/24/2025,$109.47 ,60280250,$111.10 ,$111.45 ,$109.44 
10/23/2025,$111.36 ,68497220,$112.69 ,$112.78 ,$109.97 
10/22/2025,$111.64 ,147890300,$114.29 ,$115.76 ,$111.25 
10/21/2025,$124.14 ,65082340,$124.28 ,$124.86 ,$123.18 
10/20/2025,$123.86 ,39862350,$120.79 ,$124.78 ,$120.69 
10/17/2025,$119.94 ,29571010,$118.36 ,$120.31 ,$117.90 
10/16/2025,$118.36 ,28326190,$121.22 ,$121.67 ,$117.60 
10/15/2025,$120.33 ,20251940,$121.30 ,$121.96 ,$120.16 
10/14/2025,$121.54 ,23624460,$121.48 ,$122.43 ,$120.31 
10/13/2025,$121.90 ,24607830,$122.14 ,$123.11 ,$120.68 
10/10/2025,$122.01 ,42797760,$122.90 ,$124.70 ,$121.91 
10/9/2025,$123.11 ,28240770,$121.43 ,$123.75 ,$121.18 
10/8/2025,$121.43 ,28513530,$119.71 ,$121.74 ,$119.20 
10/7/2025,$119.11 ,33090940,$117.78 ,$120.14 ,$117.75 
10/6/2025,$116.33 ,29685960,$116.04 ,$116.36 ,$114.55 
10/3/2025,$115.33 ,31373650,$116.50 ,$116.80 ,$114.32 
10/2/2025,$116.25 ,46854670,$116.15 ,$116.33 ,$113.40 
10/1/2025,$117.09 ,41102210,$117.55 ,$117.91 ,$116.32 
9/30/2025,$119.89 ,38303040,$120.64 ,$120.85 ,$117.80 
9/29/2025,$120.64 ,30331740,$120.50 ,$122.45 ,$118.75 
9/26/2025,$121.06 ,19449570,$120.54 ,$121.40 ,$120.00 
9/25/2025,$120.82 ,19977830,$120.31 ,$121.68 ,$119.15 
9/24/2025,$120.40 ,27731270,$121.86 ,$122.15 ,$119.42 
9/23/2025,$121.85 ,24991460,$122.73 ,$122.78 ,$120.85 
9/22/2025,$122.74 ,25468140,$122.19 ,$122.98 ,$121.42 
9/19/2025,$122.70 ,49475900,$121.86 ,$123.00 ,$120.81 
9/18/2025,$120.78 ,31691050,$122.08 ,$123.30 ,$120.55 
9/17/2025,$122.85 ,34597960,$122.10 ,$123.39 ,$120.66 
9/16/2025,$120.05 ,24046860,$120.56 ,$120.90 ,$119.73 
9/15/2025,$120.23 ,29092770,$118.84 ,$120.72 ,$117.32 
9/12/2025,$118.84 ,37849440,$120.31 ,$121.18 ,$118.24 
9/11/2025,$120.35 ,56822860,$125.10 ,$125.34 ,$119.20 
9/10/2025,$124.77 ,27010150,$126.40 ,$126.70 ,$124.64 
9/9/2025,$126.33 ,22196550,$124.67 ,$126.57 ,$124.67 
9/8/2025,$124.48 ,19150530,$124.85 ,$125.20 ,$123.20 
9/5/2025,$124.38 ,23796730,$126.00 ,$126.71 ,$123.90 
9/4/2025,$125.75 ,30235060,$122.32 ,$125.75 ,$122.31 
9/3/2025,$122.62 ,24714950,$120.51 ,$122.70 ,$120.34 
9/2/2025,$121.41 ,23032690,$119.70 ,$121.54 ,$118.28 
8/29/2025,$120.83 ,32098170,$122.80 ,$122.88 ,$120.12 
8/28/2025,$123.15 ,19503360,$122.28 ,$123.79 ,$121.43 
8/27/2025,$122.35 ,16645260,$122.36 ,$122.92 ,$121.30 
8/26/2025,$122.61 ,19857140,$122.02 ,$123.15 ,$121.22 
8/25/2025,$121.81 ,28120360,$120.17 ,$123.38 ,$119.90 
8/22/2025,$120.47 ,31281330,$120.89 ,$121.36 ,$119.82 
8/21/2025,$120.62 ,20471780,$121.14 ,$122.14 ,$119.76 
8/20/2025,$121.39 ,24343980,$121.80 ,$122.30 ,$119.33 
8/19/2025,$121.42 ,37077310,$124.02 ,$124.10 ,$119.28 
8/18/2025,$124.51 ,21110870,$123.56 ,$125.12 ,$123.55 
8/15/2025,$123.90 ,27678040,$123.40 ,$124.69 ,$122.79 
8/14/2025,$123.06 ,39046680,$120.99 ,$124.41 ,$120.70 
8/13/2025,$120.44 ,27623550,$123.40 ,$123.71 ,$120.30 
8/12/2025,$122.53 ,22826270,$122.50 ,$123.20 ,$120.65 
8/11/2025,$121.83 ,24556480,$121.40 ,$122.31 ,$120.19 
8/8/2025,$121.16 ,38166890,$118.32 ,$121.41 ,$118.04 
8/7/2025,$118.04 ,26283210,$118.18 ,$119.12 ,$116.82 
8/6/2025,$117.85 ,33621610,$115.35 ,$118.14 ,$115.19 
8/5/2025,$114.79 ,26607350,$117.10 ,$117.17 ,$114.47 
8/4/2025,$117.10 ,22447020,$116.77 ,$117.70 ,$116.26 
8/1/2025,$115.86 ,38909500,$116.30 ,$117.85 ,$115.29 
7/31/2025,$115.94 ,37129490,$118.48 ,$119.00 ,$115.77 
7/30/2025,$118.42 ,29227310,$116.86 ,$118.49 ,$116.61 
7/29/2025,$116.87 ,27524890,$117.90 ,$117.96 ,$116.33 
7/28/2025,$117.46 ,34469580,$118.12 ,$119.78 ,$116.85 
7/25/2025,$118.05 ,26292600,$117.84 ,$118.73 ,$117.44 
7/24/2025,$118.08 ,38455700,$117.78 ,$118.35 ,$116.27 
7/23/2025,$117.68 ,45042640,$118.98 ,$119.26 ,$117.36 
7/22/2025,$119.01 ,50629700,$123.04 ,$123.24 ,$118.75 
7/21/2025,$123.33 ,56275910,$120.60 ,$123.71 ,$119.80 
7/18/2025,$120.92 ,106933100,$124.20 ,$124.65 ,$120.10 
7/17/2025,$127.42 ,64698770,$125.30 ,$127.75 ,$124.48 
7/16/2025,$125.03 ,32270220,$126.17 ,$127.10 ,$124.98 
7/15/2025,$126.03 ,28017310,$126.20 ,$127.12 ,$124.32 
7/14/2025,$126.20 ,27810480,$124.49 ,$127.05 ,$124.00 
7/11/2025,$124.51 ,39571500,$125.98 ,$126.10 ,$123.13 
7/10/2025,$125.06 ,42364940,$128.55 ,$128.96 ,$124.60 
7/9/2025,$128.83 ,23844770,$127.40 ,$128.83 ,$126.62 
7/8/2025,$127.53 ,32925250,$129.09 ,$129.33 ,$126.00 
7/7/2025,$128.96 ,22737370,$129.50 ,$129.50 ,$127.60 
7/3/2025,$129.72 ,20062240,$129.20 ,$130.23 ,$127.98 
7/2/2025,$128.49 ,30488010,$129.70 ,$130.00 ,$127.16 
7/1/2025,$129.36 ,49935670,$133.82 ,$133.88 ,$128.22 
6/30/2025,$133.91 ,32829080,$133.10 ,$134.12 ,$132.12 
6/27/2025,$132.31 ,40708570,$130.69 ,$133.13 ,$130.10 
6/26/2025,$130.67 ,26058700,$128.00 ,$130.73 ,$128.00 
6/25/2025,$127.53 ,21465100,$128.68 ,$129.80 ,$127.38 
6/24/2025,$127.91 ,26633070,$126.05 ,$128.26 ,$125.50 
6/23/2025,$125.35 ,26673180,$123.80 ,$125.48 ,$121.50 
6/20/2025,$123.14 ,53481930,$123.45 ,$124.85 ,$122.43 
6/18/2025,$122.23 ,22810470,$123.00 ,$124.20 ,$122.05 
6/17/2025,$122.07 ,18921260,$122.00 ,$123.24 ,$121.61 
6/16/2025,$122.54 ,21127970,$121.22 ,$122.63 ,$121.22 
6/13/2025,$121.22 ,22102530,$120.66 ,$122.06 ,$120.19 
6/12/2025,$121.50 ,20846020,$122.26 ,$123.00 ,$121.20 
6/11/2025,$121.99 ,23822800,$120.26 ,$122.83 ,$119.60 
6/10/2025,$120.36 ,44544470,$122.75 ,$122.75 ,$118.06 
6/9/2025,$122.45 ,24031170,$123.89 ,$123.89 ,$122.16 
6/6/2025,$124.15 ,25569560,$125.94 ,$126.00 ,$123.56 
6/5/2025,$125.05 ,28217970,$124.06 ,$126.28 ,$123.73 
6/4/2025,$123.97 ,23593810,$122.07 ,$124.26 ,$121.99 
6/3/2025,$121.79 ,23637620,$121.99 ,$122.96 ,$121.12 
6/2/2025,$121.90 ,22942160,$120.12 ,$121.94 ,$119.63 
5/30/2025,$120.72 ,46967560,$119.83 ,$121.18 ,$118.09 
5/29/2025,$118.49 ,33030790,$120.80 ,$120.90 ,$117.63 
5/28/2025,$120.86 ,18558500,$121.03 ,$121.59 ,$120.60 
5/27/2025,$121.16 ,29204690,$119.53 ,$121.18 ,$119.31 
5/23/2025,$118.54 ,21864830,$118.40 ,$119.15 ,$117.94 
5/22/2025,$118.80 ,18615880,$119.24 ,$119.88 ,$118.72 
5/21/2025,$119.46 ,29766100,$118.65 ,$121.12 ,$118.65 
5/20/2025,$119.20 ,21330660,$118.68 ,$119.30 ,$117.90 
5/19/2025,$119.16 ,28534150,$117.36 ,$119.16 ,$117.17 
5/16/2025,$119.15 ,46983530,$119.31 ,$119.65 ,$117.94 
5/15/2025,$117.80 ,44640410,$114.77 ,$118.78 ,$114.76 
5/14/2025,$115.10 ,39101470,$112.96 ,$115.29 ,$112.84 
5/13/2025,$113.84 ,39978690,$111.45 ,$114.79 ,$110.63 
5/12/2025,$111.00 ,64790790,$112.43 ,$113.00 ,$110.29 
5/9/2025,$114.02 ,25696330,$114.71 ,$115.10 ,$113.32 
5/8/2025,$114.44 ,37608720,$116.16 ,$116.23 ,$113.92 
5/7/2025,$115.54 ,43523940,$113.92 ,$116.40 ,$113.80 
5/6/2025,$113.77 ,32566820,$112.94 ,$114.77 ,$112.64 
5/5/2025,$113.41 ,56623170,$111.48 ,$114.40 ,$110.70 
5/2/2025,$115.65 ,37742820,$113.67 ,$115.94 ,$113.33 
5/1/2025,$113.35 ,34994970,$112.25 ,$114.24 ,$111.18 
4/30/2025,$113.17 ,42666760,$111.27 ,$113.32 ,$110.11 
4/29/2025,$112.56 ,37773290,$110.39 ,$112.78 ,$109.55 
4/28/2025,$111.04 ,38310880,$110.00 ,$111.40 ,$108.26 
4/25/2025,$110.15 ,39500080,$109.70 ,$110.68 ,$109.10 
4/24/2025,$109.69 ,63818960,$104.80 ,$110.10 ,$104.70 
4/23/2025,$104.96 ,64718760,$104.72 ,$106.13 ,$103.20 
4/22/2025,$104.03 ,93688730,$100.53 ,$106.50 ,$100.45 
4/21/2025,$98.79 ,97757470,$98.44 ,$101.90 ,$97.31 
4/17/2025,$97.30 ,88937350,$96.90 ,$98.47 ,$95.60 
4/16/2025,$96.16 ,60661130,$97.63 ,$98.12 ,$94.92 
4/15/2025,$97.63 ,77119820,$95.00 ,$99.35 ,$94.80 
4/14/2025,$93.13 ,40358950,$93.27 ,$94.90 ,$91.95 
4/11/2025,$91.83 ,40736380,$92.00 ,$94.49 ,$90.67 
4/10/2025,$92.12 ,51297550,$93.19 ,$94.12 ,$89.40 
4/9/2025,$94.55 ,74979740,$85.59 ,$95.14 ,$85.44 
4/8/2025,$87.04 ,56253820,$91.24 ,$92.24 ,$85.77 
4/7/2025,$86.78 ,66568230,$82.78 ,$90.67 ,$82.11 
4/4/2025,$85.59 ,67988060,$89.65 ,$90.66 ,$85.39 
4/3/2025,$91.71 ,58646220,$90.18 ,$94.66 ,$90.05 
4/2/2025,$93.55 ,32568860,$92.30 ,$94.95 ,$91.61 
4/1/2025,$92.84 ,35199560,$92.75 ,$93.23 ,$91.15 
3/31/2025,$93.25 ,46340750,$92.05 ,$93.45 ,$90.06 
3/28/2025,$93.39 ,44227170,$97.20 ,$97.50 ,$92.92 
3/27/2025,$97.67 ,30472370,$97.42 ,$98.90 ,$96.64 
3/26/2025,$97.07 ,35347070,$99.38 ,$99.68 ,$96.63 
3/25/2025,$99.73 ,37822450,$97.82 ,$99.87 ,$97.71 
3/24/2025,$97.20 ,46778710,$96.97 ,$97.70 ,$95.16 
3/21/2025,$96.03 ,59054290,$94.16 ,$96.37 ,$94.10 
3/20/2025,$95.08 ,44663050,$95.00 ,$96.70 ,$94.55 
3/19/2025,$95.95 ,66623610,$93.58 ,$96.80 ,$92.40 
3/18/2025,$93.00 ,60094000,$94.00 ,$94.83 ,$91.63 
3/17/2025,$95.00 ,75431460,$94.00 ,$96.76 ,$93.44 
3/14/2025,$91.80 ,52006840,$90.15 ,$91.96 ,$90.10 
3/13/2025,$89.02 ,50016980,$91.30 ,$92.19 ,$88.75 
3/12/2025,$91.97 ,68658370,$91.46 ,$92.72 ,$90.10 
3/11/2025,$89.51 ,73989340,$86.74 ,$91.07 ,$86.60 
3/10/2025,$86.67 ,69953090,$87.51 ,$88.13 ,$85.45 
3/7/2025,$89.11 ,77374880,$89.76 ,$90.49 ,$85.81 
3/6/2025,$90.64 ,78525590,$97.30 ,$97.37 ,$89.90 
3/5/2025,$99.09 ,38079350,$97.36 ,$99.56 ,$96.95 
3/4/2025,$97.26 ,43928140,$97.16 ,$98.63 ,$94.82 
3/3/2025,$97.37 ,39074470,$98.30 ,$99.49 ,$96.48 
2/28/2025,$98.06 ,47174090,$96.96 ,$98.23 ,$95.82 
2/27/2025,$96.31 ,37665660,$99.50 ,$100.07 ,$96.18 
2/26/2025,$99.01 ,33972050,$97.76 ,$100.09 ,$97.69 
2/25/2025,$97.72 ,47383040,$98.94 ,$99.44 ,$95.50 
2/24/2025,$98.85 ,44262270,$100.80 ,$101.52 ,$98.45 
2/21/2025,$100.32 ,37387100,$102.94 ,$103.24 ,$99.94 
2/20/2025,$102.45 ,31118310,$104.20 ,$104.50 ,$101.56 
2/19/2025,$104.33 ,26000480,$103.52 ,$104.50 ,$102.45 
2/18/2025,$103.59 ,42293390,$106.00 ,$106.20 ,$102.37 
2/14/2025,$105.86 ,31454300,$104.50 ,$106.45 ,$104.17 
2/13/2025,$104.37 ,34760680,$102.66 ,$104.60 ,$102.51 
2/12/2025,$102.73 ,33889660,$100.55 ,$102.77 ,$99.83 
2/11/2025,$100.81 ,33317970,$102.08 ,$102.27 ,$100.30 
2/10/2025,$102.76 ,32965660,$102.31 ,$103.29 ,$101.59 
2/7/2025,$101.39 ,32128530,$101.70 ,$102.78 ,$100.57 
2/6/2025,$101.57 ,31342930,$100.79 ,$101.64 ,$100.26 
2/5/2025,$101.11 ,39977330,$98.77 ,$101.18 ,$98.67 
2/4/2025,$99.49 ,60001370,$98.05 ,$100.80 ,$97.85 
2/3/2025,$97.89 ,37241970,$97.30 ,$98.77 ,$96.44 
1/31/2025,$97.68 ,36187180,$97.40 ,$99.03 ,$97.40 
1/30/2025,$97.32 ,38678250,$98.68 ,$99.46 ,$97.00 
1/29/2025,$97.82 ,29307280,$98.00 ,$98.76 ,$96.82 
1/28/2025,$97.18 ,34339720,$96.67 ,$97.79 ,$95.73 
1/27/2025,$97.19 ,46342040,$97.11 ,$98.23 ,$96.03 
1/24/2025,$97.76 ,45503970,$98.44 ,$98.63 ,$96.77 
1/23/2025,$98.49 ,77521370,$95.78 ,$98.50 ,$95.39 
1/22/2025,$95.40 ,142732100,$99.80 ,$99.90 ,$95.08 
1/21/2025,$86.97 ,98513510,$86.35 ,$91.64 ,$85.47 
1/17/2025,$85.81 ,36175650,$85.98 ,$86.50 ,$85.21 
1/16/2025,$84.24 ,40285370,$86.10 ,$86.90 ,$84.20 
1/15/2025,$84.83 ,31813830,$83.64 ,$85.08 ,$83.04 
1/14/2025,$82.84 ,30376500,$84.32 ,$84.49 ,$82.35 
1/13/2025,$84.03 ,30245170,$83.15 ,$84.71 ,$82.91 
1/10/2025,$83.77 ,48033120,$86.64 ,$86.64 ,$83.44 
1/8/2025,$87.50 ,23479490,$88.00 ,$88.62 ,$87.30 
1/7/2025,$87.92 ,26498230,$87.94 ,$88.80 ,$86.91 
1/6/2025,$88.18 ,34576560,$88.88 ,$89.28 ,$87.17 
1/3/2025,$88.11 ,29700190,$89.31 ,$89.88 ,$87.99 
1/2/2025,$88.67 ,23156850,$89.55 ,$89.86 ,$87.70 
12/31/2024,$89.13 ,18758970,$90.18 ,$90.27 ,$88.95 
12/30/2024,$90.04 ,22029700,$89.45 ,$90.82 ,$88.97 
12/27/2024,$90.76 ,32261580,$91.60 ,$91.81 ,$89.45 
12/26/2024,$92.41 ,23424180,$92.84 ,$93.05 ,$91.53 
12/24/2024,$93.21 ,23202930,$91.50 ,$93.59 ,$91.17 
12/23/2024,$91.15 ,23393750,$91.34 ,$91.50 ,$89.91 
12/20/2024,$90.91 ,45305190,$89.32 ,$91.99 ,$89.05 
12/19/2024,$90.20 ,28155120,$90.82 ,$91.26 ,$89.90 
12/18/2024,$88.96 ,29381940,$91.91 ,$92.24 ,$88.66 
12/17/2024,$91.91 ,24594560,$92.15 ,$92.85 ,$91.64 
12/16/2024,$92.11 ,26748920,$92.39 ,$92.89 ,$91.95 
12/13/2024,$91.89 ,24858290,$91.68 ,$92.56 ,$90.96 
12/12/2024,$92.56 ,24861970,$93.34 ,$93.41 ,$92.26 
12/11/2024,$93.66 ,35016910,$92.47 ,$94.18 ,$92.31 
12/10/2024,$91.34 ,23885750,$91.38 ,$92.29 ,$90.96 
12/9/2024,$91.37 ,33500820,$92.80 ,$93.03 ,$90.26 
12/6/2024,$93.47 ,29553830,$91.52 ,$93.53 ,$91.27 
12/5/2024,$91.79 ,28353070,$91.79 ,$92.70 ,$91.11 
12/4/2024,$91.11 ,26896290,$89.81 ,$91.60 ,$89.81 
12/3/2024,$90.22 ,24016340,$89.44 ,$90.27 ,$88.80 
12/2/2024,$89.77 ,23889660,$88.75 ,$90.23 ,$88.41 
11/29/2024,$88.68 ,20272370,$88.22 ,$89.24 ,$87.67 
11/27/2024,$87.73 ,25782220,$87.21 ,$88.10 ,$85.89 
11/26/2024,$87.26 ,31382590,$86.75 ,$88.64 ,$86.73 
11/25/2024,$86.56 ,60142030,$90.21 ,$90.21 ,$86.42 
11/22/2024,$89.78 ,32140200,$89.60 ,$90.60 ,$89.30 
11/21/2024,$89.75 ,45112630,$88.39 ,$90.80 ,$87.72 
11/20/2024,$88.39 ,40938430,$88.00 ,$89.06 ,$86.84 
11/19/2024,$87.13 ,38142270,$83.98 ,$87.45 ,$83.92 
11/18/2024,$84.71 ,40840810,$81.55 ,$84.85 ,$80.93 
11/15/2024,$82.40 ,36737200,$83.20 ,$83.20 ,$81.65 
11/14/2024,$83.73 ,30382310,$83.37 ,$84.10 ,$83.00 
11/13/2024,$83.05 ,27677720,$82.26 ,$83.70 ,$82.05 
11/12/2024,$81.95 ,28140640,$80.75 ,$82.04 ,$80.38 
11/11/2024,$80.54 ,23991500,$79.59 ,$80.68 ,$79.56 
11/8/2024,$79.50 ,19106260,$79.74 ,$79.91 ,$78.87 
11/7/2024,$79.65 ,32950740,$78.14 ,$79.82 ,$77.99 
11/6/2024,$78.02 ,36908170,$77.15 ,$78.15 ,$75.74 
11/5/2024,$76.39 ,22006450,$75.74 ,$76.75 ,$75.63 
11/4/2024,$75.55 ,19021940,$75.31 ,$76.25 ,$74.97 
11/1/2024,$75.61 ,29968290,$75.35 ,$76.38 ,$74.78 
10/31/2024,$75.60 ,30577090,$75.39 ,$76.08 ,$75.22 
10/30/2024,$75.37 ,17220020,$75.81 ,$75.98 ,$75.23 
10/29/2024,$75.94 ,36604330,$75.11 ,$76.39 ,$74.80 
10/28/2024,$74.91 ,28624050,$75.87 ,$75.87 ,$74.79 
10/25/2024,$75.47 ,28194730,$75.62 ,$76.85 ,$75.35 
10/24/2024,$75.46 ,26429620,$75.20 ,$75.58 ,$74.63 
10/23/2024,$74.93 ,37490070,$76.28 ,$76.38 ,$74.43 
10/22/2024,$76.42 ,29872520,$76.53 ,$76.97 ,$76.11 
10/21/2024,$77.21 ,60570930,$76.58 ,$77.30 ,$75.66 
10/18/2024,$76.39 ,159741200,$73.76 ,$76.63 ,$73.62 
10/17/2024,$68.77 ,89266720,$70.44 ,$70.44 ,$67.79 
10/16/2024,$70.20 ,24942760,$70.34 ,$70.56 ,$69.78 
10/15/2024,$70.60 ,29327520,$71.25 ,$71.34 ,$69.98 
10/14/2024,$71.30 ,27970710,$72.50 ,$72.66 ,$71.13 
10/11/2024,$72.28 ,22995250,$73.49 ,$73.60 ,$72.12 
10/10/2024,$73.03 ,27678620,$72.33 ,$73.39 ,$72.25 
10/9/2024,$72.74 ,19810700,$71.93 ,$72.86 ,$71.89 
10/8/2024,$72.18 ,31874020,$70.39 ,$72.51 ,$70.35 
10/7/2024,$70.19 ,33605200,$71.48 ,$71.59 ,$69.64 
10/4/2024,$71.97 ,22301390,$71.33 ,$72.10 ,$70.88 
10/3/2024,$70.68 ,22564490,$70.43 ,$70.88 ,$70.00 
10/2/2024,$71.11 ,17581670,$70.61 ,$71.62 ,$70.47 
10/1/2024,$70.61 ,28134820,$71.36 ,$71.78 ,$69.86 
9/30/2024,$70.93 ,17115080,$70.70 ,$71.12 ,$70.28 
9/27/2024,$70.74 ,23956130,$70.84 ,$71.07 ,$70.13 
9/26/2024,$71.14 ,28329620,$72.47 ,$72.53 ,$70.17 
9/25/2024,$72.16 ,22597750,$72.10 ,$72.51 ,$71.62 
9/24/2024,$72.23 ,35657310,$70.66 ,$72.24 ,$70.45 
9/23/2024,$70.54 ,32243440,$70.24 ,$71.23 ,$69.92 
9/20/2024,$70.10 ,39980620,$70.56 ,$70.67 ,$69.63 
9/19/2024,$70.43 ,42284800,$70.50 ,$71.57 ,$69.54 
9/18/2024,$69.05 ,29844110,$70.76 ,$70.76 ,$68.80 
9/17/2024,$70.69 ,22986300,$70.08 ,$70.76 ,$69.84 
9/16/2024,$69.65 ,18437450,$70.00 ,$70.30 ,$68.86 
9/13/2024,$69.71 ,22764820,$68.00 ,$69.96 ,$68.00 
9/12/2024,$68.68 ,25884370,$68.49 ,$69.49 ,$68.22 
9/11/2024,$68.15 ,23919240,$67.75 ,$68.30 ,$66.08 
9/10/2024,$67.36 ,20791820,$67.69 ,$68.06 ,$66.58 
9/9/2024,$67.54 ,26831110,$67.40 ,$68.35 ,$67.21 
9/6/2024,$66.58 ,29912650,$68.19 ,$68.32 ,$66.23 
9/5/2024,$68.36 ,18100720,$67.31 ,$68.73 ,$67.19 
9/4/2024,$67.97 ,17853370,$67.33 ,$68.47 ,$67.31 
9/3/2024,$67.53 ,31609640,$70.01 ,$70.39 ,$67.10 
8/30/2024,$70.14 ,32667230,$70.04 ,$70.19 ,$68.82 
8/29/2024,$69.25 ,21869740,$69.00 ,$69.98 ,$68.61 
8/28/2024,$68.38 ,24305830,$69.58 ,$69.67 ,$67.71 
8/27/2024,$69.57 ,31648780,$68.85 ,$70.79 ,$68.69 
8/26/2024,$68.84 ,13541540,$68.73 ,$69.06 ,$68.16 
8/23/2024,$68.67 ,23544500,$69.41 ,$69.61 ,$67.86 
8/22/2024,$68.90 ,27293890,$69.10 ,$70.15 ,$68.62 
8/21/2024,$69.71 ,22353430,$69.70 ,$70.10 ,$69.14 
8/20/2024,$69.85 ,48131180,$68.89 ,$71.13 ,$68.82 
8/19/2024,$68.85 ,30162270,$67.41 ,$68.88 ,$67.29 
8/16/2024,$67.41 ,35110140,$66.94 ,$68.02 ,$66.54 
8/15/2024,$66.32 ,32101730,$66.85 ,$67.32 ,$65.98 
8/14/2024,$66.17 ,40143440,$64.87 ,$66.36 ,$64.87 
8/13/2024,$64.80 ,26395710,$63.86 ,$65.10 ,$63.55 
8/12/2024,$63.31 ,23317120,$63.10 ,$63.90 ,$62.71 
8/9/2024,$63.39 ,19808360,$62.30 ,$63.66 ,$62.30 
8/8/2024,$63.04 ,32835420,$62.20 ,$63.23 ,$61.60 
8/7/2024,$61.15 ,31877910,$61.61 ,$63.20 ,$61.06 
8/6/2024,$60.96 ,43190570,$60.06 ,$62.25 ,$60.06 
8/5/2024,$59.86 ,40442350,$58.70 ,$60.46 ,$58.70 
8/2/2024,$61.36 ,35230030,$62.10 ,$62.53 ,$60.84 
8/1/2024,$62.49 ,37205730,$62.93 ,$64.67 ,$61.76 
7/31/2024,$62.84 ,31348770,$62.66 ,$63.36 ,$62.26 
7/30/2024,$62.26 ,34966090,$63.02 ,$63.47 ,$61.70 
7/29/2024,$62.70 ,24005370,$63.46 ,$63.46 ,$62.39 
7/26/2024,$63.14 ,31206590,$64.50 ,$64.70 ,$62.98 
7/25/2024,$63.41 ,45545390,$64.10 ,$65.00 ,$62.17 
7/24/2024,$63.60 ,48881630,$63.57 ,$65.24 ,$63.27 
7/23/2024,$64.28 ,24635790,$64.75 ,$64.99 ,$64.10 
7/22/2024,$64.75 ,52190770,$63.95 ,$65.63 ,$63.26 
7/19/2024,$63.33 ,98156310,$66.06 ,$67.90 ,$62.91 
7/18/2024,$64.30 ,75757630,$65.66 ,$65.70 ,$63.92 
7/17/2024,$64.75 ,40172770,$65.00 ,$65.05 ,$63.95 
7/16/2024,$65.63 ,26857060,$66.18 ,$66.37 ,$64.91 
7/15/2024,$65.65 ,32087630,$64.75 ,$66.75 ,$64.66 
7/12/2024,$64.76 ,33551970,$65.28 ,$65.59 ,$64.37 
7/11/2024,$65.28 ,51119280,$67.25 ,$67.25 ,$64.74 
7/10/2024,$67.77 ,26519280,$68.50 ,$68.72 ,$67.32 
7/9/2024,$68.57 ,25994740,$69.00 ,$69.53 ,$68.47 
7/8/2024,$68.57 ,19307860,$68.70 ,$68.89 ,$68.15 
7/5/2024,$69.07 ,26590650,$68.25 ,$69.75 ,$67.72 
7/3/2024,$68.25 ,14035450,$67.75 ,$68.38 ,$67.55 
7/2/2024,$67.96 ,24114260,$67.35 ,$68.17 ,$67.01 
7/1/2024,$67.36 ,22128260,$67.49 ,$67.50 ,$66.38 
6/28/2024,$67.49 ,34123910,$67.90 ,$68.70 ,$67.31 
6/27/2024,$68.43 ,24048490,$67.94 ,$68.86 ,$67.81 
6/26/2024,$67.77 ,35458150,$67.24 ,$68.30 ,$67.00 
6/25/2024,$67.24 ,22787680,$67.34 ,$67.37 ,$66.23 
6/24/2024,$66.90 ,39163350,$68.50 ,$68.55 ,$66.45 
6/21/2024,$68.61 ,45570860,$68.33 ,$68.69 ,$67.81 
6/20/2024,$67.90 ,25850890,$68.18 ,$68.99 ,$67.37 
6/18/2024,$68.57 ,29437750,$67.56 ,$68.71 ,$67.46 
6/17/2024,$67.58 ,36311840,$66.91 ,$68.27 ,$66.51 
6/14/2024,$66.94 ,44471160,$65.51 ,$67.56 ,$65.26 
6/13/2024,$65.33 ,18635870,$64.40 ,$65.53 ,$64.24 
6/12/2024,$65.01 ,20943810,$65.22 ,$65.58 ,$64.31 
6/11/2024,$64.86 ,21674170,$64.07 ,$65.02 ,$64.05 
6/10/2024,$64.45 ,20667590,$64.10 ,$64.48 ,$63.56 
6/7/2024,$64.15 ,18766310,$64.94 ,$65.04 ,$64.02 
6/6/2024,$64.85 ,24666640,$64.49 ,$65.80 ,$64.42 
6/5/2024,$65.03 ,26826140,$63.40 ,$65.13 ,$62.83 
6/4/2024,$63.16 ,30081510,$63.38 ,$63.52 ,$62.64 
6/3/2024,$63.38 ,23235060,$64.52 ,$64.68 ,$62.73 
5/31/2024,$64.16 ,40710230,$64.40 ,$64.86 ,$62.83 
5/30/2024,$64.77 ,23933540,$65.35 ,$65.65 ,$64.47 
5/29/2024,$65.46 ,36959350,$64.41 ,$66.43 ,$64.39 
5/28/2024,$64.90 ,26094510,$64.71 ,$64.98 ,$64.30 
5/24/2024,$64.68 ,26152600,$63.94 ,$65.20 ,$63.76 
5/23/2024,$63.57 ,23139390,$64.23 ,$64.27 ,$63.00 
5/22/2024,$64.05 ,21761740,$64.71 ,$64.93 ,$63.81 
5/21/2024,$65.06 ,29201550,$63.68 ,$65.09 ,$63.42 
5/20/2024,$64.08 ,38578530,$62.04 ,$64.44 ,$61.95 
5/17/2024,$62.11 ,37827080,$61.70 ,$62.58 ,$61.47 
5/16/2024,$61.05 ,30563500,$61.58 ,$61.83 ,$60.91 
5/15/2024,$61.35 ,56706070,$61.86 ,$62.41 ,$60.91 
5/14/2024,$61.37 ,27923580,$61.52 ,$62.15 ,$60.84 
5/13/2024,$61.66 ,20861970,$61.43 ,$61.82 ,$60.68 
5/10/2024,$61.09 ,26535860,$61.90 ,$62.40 ,$60.51 
5/9/2024,$61.21 ,20653750,$61.44 ,$61.57 ,$60.58 
5/8/2024,$60.95 ,30939040,$60.16 ,$61.82 ,$60.16 
5/7/2024,$60.60 ,36140920,$59.63 ,$60.61 ,$59.13 
5/6/2024,$59.70 ,36863370,$58.18 ,$59.73 ,$58.03 
5/3/2024,$57.93 ,33075240,$56.60 ,$58.03 ,$56.52 
5/2/2024,$56.52 ,30682280,$55.60 ,$56.55 ,$55.56 
5/1/2024,$55.17 ,34732330,$54.78 ,$56.04 ,$54.43 
4/30/2024,$55.06 ,33614920,$56.00 ,$56.00 ,$54.94 
4/29/2024,$55.95 ,25088820,$55.92 ,$55.96 ,$55.42 
4/26/2024,$56.12 ,43325930,$55.82 ,$56.29 ,$55.32 
4/25/2024,$56.48 ,38071010,$54.95 ,$56.65 ,$54.57 
4/24/2024,$55.51 ,53553120,$57.43 ,$57.69 ,$55.13 
4/23/2024,$57.78 ,49755200,$55.65 ,$57.92 ,$55.53 
4/22/2024,$55.46 ,85976510,$55.07 ,$55.86 ,$54.20 
4/19/2024,$55.50 ,164497000,$56.79 ,$57.90 ,$55.22 
4/18/2024,$61.06 ,84684070,$61.21 ,$62.13 ,$60.54 
4/17/2024,$61.37 ,33122220,$62.10 ,$62.10 ,$60.77 
4/16/2024,$61.75 ,35191220,$60.75 ,$62.25 ,$60.75 
4/15/2024,$60.72 ,30853940,$63.02 ,$63.02 ,$60.39 
4/12/2024,$62.28 ,29592690,$62.82 ,$63.31 ,$61.89 
4/11/2024,$62.88 ,26626620,$62.44 ,$63.17 ,$61.72 
4/10/2024,$61.86 ,28062480,$61.10 ,$62.01 ,$60.93 
4/9/2024,$61.82 ,21466350,$63.20 ,$63.20 ,$61.56 
4/8/2024,$62.84 ,21457310,$63.64 ,$63.90 ,$62.81 
4/5/2024,$63.62 ,33788420,$62.49 ,$63.79 ,$62.27 
4/4/2024,$61.71 ,30643490,$63.32 ,$63.80 ,$61.66 
4/3/2024,$63.01 ,29312310,$61.27 ,$63.04 ,$61.15 
4/2/2024,$61.42 ,20292170,$61.10 ,$61.50 ,$60.55 
4/1/2024,$61.43 ,21159250,$60.80 ,$61.51 ,$60.56 
3/28/2024,$60.73 ,37088030,$61.50 ,$61.50 ,$60.16 
3/27/2024,$61.35 ,26282670,$62.90 ,$63.14 ,$61.07 
3/26/2024,$62.92 ,28044530,$62.52 ,$63.44 ,$61.92 
3/25/2024,$62.75 ,18032640,$62.79 ,$63.05 ,$62.32 
3/22/2024,$62.80 ,21356880,$62.42 ,$62.91 ,$62.10 
3/21/2024,$62.27 ,25076710,$63.07 ,$63.44 ,$62.23 
3/20/2024,$62.77 ,26395090,$62.00 ,$62.95 ,$61.83 
3/19/2024,$62.07 ,21426130,$61.56 ,$62.13 ,$60.80 
3/18/2024,$61.84 ,33442440,$61.36 ,$62.74 ,$61.04 
3/15/2024,$60.59 ,66716290,$62.29 ,$62.29 ,$60.38 
3/14/2024,$61.30 ,31204520,$61.50 ,$62.08 ,$60.74 
3/13/2024,$60.95 ,21920940,$61.34 ,$61.49 ,$60.72 
3/12/2024,$61.11 ,28216310,$60.02 ,$61.53 ,$59.63 
3/11/2024,$60.09 ,25009400,$60.81 ,$61.10 ,$60.04 
3/8/2024,$60.48 ,27772430,$60.83 ,$61.61 ,$60.08 
3/7/2024,$60.85 ,27428050,$59.93 ,$61.05 ,$59.59 
3/6/2024,$59.77 ,24695920,$60.30 ,$60.79 ,$59.36 
3/5/2024,$59.85 ,38495630,$61.01 ,$61.09 ,$59.20 
3/4/2024,$61.58 ,30203060,$62.16 ,$62.44 ,$61.51 
3/1/2024,$61.93 ,42703050,$59.98 ,$62.03 ,$59.95 
2/29/2024,$60.29 ,35720820,$60.43 ,$60.45 ,$59.52 
2/28/2024,$59.65 ,26052420,$59.58 ,$59.82 ,$59.00 
2/27/2024,$60.17 ,44893550,$59.50 ,$60.54 ,$59.23 
2/26/2024,$58.77 ,23937120,$58.36 ,$59.08 ,$58.33 
2/23/2024,$58.36 ,25688520,$58.64 ,$59.24 ,$57.98 
2/22/2024,$58.85 ,35265970,$58.28 ,$59.09 ,$57.89 
2/21/2024,$57.34 ,22811430,$57.35 ,$57.58 ,$56.73 
2/20/2024,$57.51 ,31242360,$58.02 ,$58.60 ,$56.97 
2/16/2024,$58.40 ,43256890,$59.70 ,$59.70 ,$57.75 
2/15/2024,$59.35 ,52209380,$58.19 ,$59.38 ,$58.03 
2/14/2024,$57.93 ,56342260,$56.73 ,$58.12 ,$56.43 
2/13/2024,$55.45 ,35114530,$55.08 ,$55.92 ,$54.90 
2/12/2024,$55.79 ,36084870,$56.04 ,$56.84 ,$55.70 
2/9/2024,$56.13 ,30556980,$56.50 ,$56.60 ,$55.81 
2/8/2024,$55.85 ,31754680,$56.06 ,$56.37 ,$55.57 
2/7/2024,$55.93 ,43735910,$55.82 ,$56.78 ,$55.50 
2/6/2024,$55.59 ,28403000,$56.41 ,$56.63 ,$55.44 
2/5/2024,$56.21 ,41430990,$56.25 ,$57.58 ,$55.72 
2/2/2024,$56.46 ,40328430,$56.45 ,$56.78 ,$56.24 
2/1/2024,$56.75 ,31740020,$56.70 ,$57.27 ,$56.38 
1/31/2024,$56.41 ,48575990,$56.29 ,$57.22 ,$56.20 
1/30/2024,$56.29 ,61817980,$56.73 ,$57.09 ,$56.08 
1/29/2024,$57.58 ,69053900,$57.14 ,$57.86 ,$56.27 
1/26/2024,$57.04 ,127705700,$56.18 ,$57.96 ,$55.84 
1/25/2024,$56.20 ,94519150,$55.20 ,$56.35 ,$54.85 
1/24/2024,$54.49 ,264328000,$53.78 ,$56.25 ,$53.71 
1/23/2024,$49.22 ,155060200,$49.20 ,$49.90 ,$48.14 
1/22/2024,$48.57 ,52123090,$48.76 ,$48.98 ,$47.99 
1/19/2024,$48.30 ,56723510,$48.50 ,$48.57 ,$47.61 
1/18/2024,$48.53 ,40543990,$48.00 ,$48.58 ,$47.80 
1/17/2024,$48.03 ,48945930,$48.45 ,$48.62 ,$47.53 
1/16/2024,$48.12 ,46789740,$49.00 ,$49.42 ,$47.80 
1/12/2024,$49.22 ,50037180,$50.05 ,$50.08 ,$49.06 
1/11/2024,$49.22 ,79932650,$49.25 ,$50.34 ,$48.38 
1/10/2024,$47.83 ,43424480,$48.16 ,$48.70 ,$47.30 
1/9/2024,$48.21 ,35267570,$47.55 ,$48.51 ,$47.38 
1/8/2024,$48.50 ,36757750,$47.39 ,$48.52 ,$47.37 
1/5/2024,$47.41 ,26312500,$47.65 ,$47.95 ,$47.18 
1/4/2024,$47.47 ,36365130,$47.30 ,$48.07 ,$46.65 
1/3/2024,$47.03 ,34436940,$46.73 ,$47.51 ,$46.58 
1/2/2024,$46.85 ,50494230,$48.32 ,$48.47 ,$46.19 
12/29/2023,$48.69 ,27405550,$49.04 ,$49.22 ,$48.19 
12/28/2023,$49.05 ,17104920,$49.20 ,$49.29 ,$48.91 
12/27/2023,$49.18 ,25613300,$49.12 ,$49.40 ,$48.93 
12/26/2023,$49.12 ,20345170,$48.94 ,$49.15 ,$48.64 
12/22/2023,$48.68 ,27026720,$49.40 ,$49.60 ,$48.55 
12/21/2023,$49.16 ,27562250,$49.27 ,$49.44 ,$48.68 
12/20/2023,$48.93 ,45636900,$49.20 ,$50.09 ,$48.84 
12/19/2023,$49.50 ,38490140,$48.84 ,$49.61 ,$48.41 
12/18/2023,$48.61 ,64106600,$47.63 ,$49.20 ,$47.51 
12/15/2023,$47.21 ,78409920,$46.73 ,$47.30 ,$46.73 
12/14/2023,$46.98 ,51764370,$48.04 ,$48.08 ,$46.48 
12/13/2023,$48.00 ,58201920,$46.20 ,$48.13 ,$46.20 
12/12/2023,$46.30 ,33026600,$46.52 ,$46.56 ,$45.92 
12/11/2023,$45.99 ,49296620,$45.94 ,$47.07 ,$45.72 
12/8/2023,$45.38 ,34583840,$45.08 ,$45.55 ,$45.08 
12/7/2023,$45.20 ,35067220,$45.09 ,$45.29 ,$44.83 
12/6/2023,$44.67 ,41787550,$46.00 ,$46.05 ,$44.57 
12/5/2023,$45.52 ,33806740,$45.07 ,$45.64 ,$44.96 
12/4/2023,$45.39 ,51577130,$46.10 ,$46.12 ,$45.12 
12/1/2023,$46.57 ,43414710,$47.32 ,$47.52 ,$46.46 
11/30/2023,$47.40 ,42873490,$47.53 ,$47.86 ,$47.04 
11/29/2023,$47.72 ,28555400,$47.90 ,$48.10 ,$47.45 
11/28/2023,$47.90 ,28901640,$47.81 ,$48.05 ,$47.60 
11/27/2023,$47.92 ,36259240,$47.90 ,$48.20 ,$47.54 
11/24/2023,$47.96 ,14047320,$47.71 ,$48.04 ,$47.52 
11/22/2023,$47.80 ,28438910,$47.68 ,$48.27 ,$47.66 
11/21/2023,$47.50 ,29977230,$47.26 ,$47.70 ,$47.12 
11/20/2023,$47.45 ,36210950,$46.54 ,$47.68 ,$46.54 
11/17/2023,$46.59 ,28002140,$46.70 ,$46.77 ,$46.28 
11/16/2023,$46.70 ,36559740,$46.30 ,$46.73 ,$45.97 
11/15/2023,$46.19 ,50352830,$45.28 ,$46.28 ,$45.25 
11/14/2023,$44.87 ,40608840,$44.88 ,$45.41 ,$44.56 
11/13/2023,$44.46 ,28961430,$44.73 ,$44.84 ,$44.26 
11/10/2023,$44.72 ,44432840,$43.75 ,$44.75 ,$43.55 
11/9/2023,$43.52 ,27355070,$43.80 ,$44.04 ,$43.44 
11/8/2023,$43.67 ,23568450,$43.50 ,$43.81 ,$43.37 
11/7/2023,$43.46 ,32910640,$43.62 ,$43.76 ,$43.10 
11/6/2023,$43.47 ,30032350,$43.44 ,$43.50 ,$42.96 
11/3/2023,$43.24 ,36670510,$42.88 ,$43.48 ,$42.55 
11/2/2023,$42.47 ,44759840,$42.12 ,$42.67 ,$41.71 
11/1/2023,$42.02 ,48061080,$41.48 ,$42.06 ,$41.42 
10/31/2023,$41.17 ,38776230,$40.92 ,$41.25 ,$40.46 
10/30/2023,$41.01 ,53171470,$40.24 ,$41.28 ,$39.94 
10/27/2023,$39.79 ,49976120,$40.64 ,$41.02 ,$39.56 
10/26/2023,$40.35 ,68497020,$41.14 ,$41.73 ,$40.15 
10/25/2023,$41.13 ,62995870,$41.60 ,$41.88 ,$41.01 
10/24/2023,$41.37 ,64592470,$40.97 ,$41.67 ,$40.84 
10/23/2023,$40.68 ,73900320,$40.33 ,$40.75 ,$39.85 
10/20/2023,$40.10 ,127829200,$40.56 ,$41.06 ,$39.80 
10/19/2023,$40.18 ,280744200,$40.47 ,$40.90 ,$39.23 
10/18/2023,$34.62 ,114296400,$35.10 ,$35.48 ,$34.47 
10/17/2023,$35.57 ,59084120,$36.11 ,$36.27 ,$35.39 
10/16/2023,$36.08 ,51289470,$35.62 ,$36.31 ,$35.48 
10/13/2023,$35.57 ,63163200,$35.56 ,$35.89 ,$35.21 
10/12/2023,$36.12 ,73760860,$36.65 ,$36.88 ,$35.91 
10/11/2023,$36.59 ,91513950,$37.28 ,$37.78 ,$36.53 
10/10/2023,$37.33 ,72889390,$38.56 ,$38.87 ,$37.23 
10/9/2023,$38.60 ,32998020,$37.81 ,$38.72 ,$37.78 
10/6/2023,$38.15 ,47781180,$36.84 ,$38.25 ,$36.78 
10/5/2023,$37.26 ,50347730,$37.80 ,$37.86 ,$36.72 
10/4/2023,$37.69 ,43036580,$37.65 ,$38.02 ,$37.36 
10/3/2023,$37.68 ,88781340,$37.71 ,$39.49 ,$37.28 
10/2/2023,$38.03 ,31021010,$37.75 ,$38.48 ,$37.68 
9/29/2023,$37.76 ,42052980,$38.00 ,$38.26 ,$37.54 
9/28/2023,$37.64 ,43699060,$37.56 ,$37.90 ,$37.11 
9/27/2023,$37.76 ,38435210,$38.24 ,$38.42 ,$37.63 
9/26/2023,$37.93 ,40893920,$38.29 ,$38.46 ,$37.74 
9/25/2023,$38.48 ,37572780,$38.29 ,$38.66 ,$38.08 
9/22/2023,$37.98 ,36997960,$38.50 ,$38.69 ,$37.84 
9/21/2023,$38.42 ,55563880,$38.65 ,$39.59 ,$38.34 
9/20/2023,$38.63 ,38666190,$39.71 ,$39.80 ,$38.61 
9/19/2023,$39.62 ,40800540,$39.28 ,$39.82 ,$39.02 
9/18/2023,$39.44 ,47047060,$39.55 ,$39.95 ,$39.26 
9/15/2023,$39.69 ,91167450,$40.10 ,$40.47 ,$39.50 
9/14/2023,$40.05 ,107090400,$41.04 ,$41.14 ,$40.00 
9/13/2023,$41.22 ,118430300,$43.55 ,$43.84 ,$41.07 
9/12/2023,$43.47 ,31240240,$44.29 ,$44.54 ,$43.41 
9/11/2023,$44.54 ,29137670,$44.31 ,$44.99 ,$44.28 
9/8/2023,$44.28 ,27043530,$44.36 ,$44.68 ,$43.89 
9/7/2023,$44.31 ,29226760,$44.12 ,$44.46 ,$43.67 
9/6/2023,$44.58 ,38622740,$44.86 ,$45.14 ,$44.05 
9/5/2023,$44.87 ,61558650,$43.84 ,$45.35 ,$43.80 
9/1/2023,$43.99 ,47933790,$43.77 ,$44.55 ,$43.59 
8/31/2023,$43.37 ,38029540,$43.12 ,$43.72 ,$43.12 
8/30/2023,$43.47 ,36253800,$43.09 ,$43.82 ,$42.84 
8/29/2023,$43.00 ,44867030,$41.60 ,$43.22 ,$41.45 
8/28/2023,$41.81 ,29286130,$41.80 ,$41.98 ,$41.33 
8/25/2023,$41.60 ,53909330,$41.20 ,$41.93 ,$40.76 
8/24/2023,$40.69 ,56877990,$42.54 ,$42.76 ,$40.62 
8/23/2023,$42.76 ,81747320,$41.84 ,$43.70 ,$41.77 
8/22/2023,$41.32 ,36032730,$40.90 ,$41.57 ,$40.74 
8/21/2023,$40.83 ,38615790,$40.22 ,$40.96 ,$39.95 
8/18/2023,$40.45 ,43121960,$39.93 ,$40.65 ,$39.82 
8/17/2023,$40.30 ,60314690,$41.50 ,$41.52 ,$40.16 
8/16/2023,$41.55 ,39670210,$42.37 ,$42.45 ,$41.53 
8/15/2023,$42.37 ,33679980,$42.44 ,$42.91 ,$42.10 
8/14/2023,$42.78 ,39659630,$42.20 ,$42.88 ,$41.88 
8/11/2023,$42.17 ,39279140,$42.90 ,$43.06 ,$42.13 
8/10/2023,$43.00 ,54676070,$43.11 ,$43.81 ,$42.87 
8/9/2023,$42.89 ,38466390,$43.97 ,$44.06 ,$42.76 
8/8/2023,$43.83 ,37671950,$44.04 ,$44.36 ,$43.51 
8/7/2023,$44.08 ,47813030,$43.65 ,$44.11 ,$42.89 
8/4/2023,$43.16 ,54418110,$43.31 ,$43.65 ,$42.63 
8/3/2023,$43.10 ,62593090,$42.78 ,$44.19 ,$42.72 
8/2/2023,$42.97 ,49217810,$43.52 ,$43.56 ,$42.66 
8/1/2023,$43.86 ,57255440,$43.74 ,$44.53 ,$43.14 
7/31/2023,$43.90 ,65876190,$42.65 ,$43.91 ,$42.63 
7/28/2023,$42.58 ,64280730,$41.56 ,$42.75 ,$41.38 
7/27/2023,$41.32 ,65944660,$42.69 ,$42.75 ,$41.19 
7/26/2023,$42.27 ,60092420,$42.42 ,$42.53 ,$41.56 
7/25/2023,$42.77 ,48598430,$42.72 ,$43.09 ,$42.61 
7/24/2023,$42.84 ,82824340,$42.50 ,$42.86 ,$41.92 
7/21/2023,$42.75 ,173400300,$43.74 ,$43.82 ,$42.32 
7/20/2023,$43.74 ,239897100,$44.70 ,$44.85 ,$43.20 
7/19/2023,$47.76 ,209964800,$47.69 ,$48.50 ,$47.00 
7/18/2023,$47.48 ,131968800,$45.10 ,$47.82 ,$44.88 
7/17/2023,$45.01 ,69011410,$44.56 ,$45.67 ,$44.51 
7/14/2023,$44.19 ,71958600,$45.28 ,$45.65 ,$43.97 
7/13/2023,$45.04 ,61574750,$44.70 ,$45.17 ,$44.12 
7/12/2023,$44.41 ,57316570,$44.46 ,$44.54 ,$43.77 
7/11/2023,$44.02 ,45745590,$43.87 ,$44.08 ,$43.10 
7/10/2023,$44.17 ,42517370,$43.85 ,$44.44 ,$43.68 
7/7/2023,$43.81 ,41651440,$43.86 ,$44.23 ,$43.58 
7/6/2023,$43.88 ,49448920,$44.00 ,$44.28 ,$43.07 
7/5/2023,$44.59 ,68754140,$44.49 ,$45.10 ,$43.96 
7/3/2023,$44.14 ,37284610,$43.98 ,$44.15 ,$43.16 
6/30/2023,$44.05 ,73463940,$43.11 ,$44.41 ,$43.11 
6/29/2023,$42.82 ,49323100,$43.43 ,$43.79 ,$42.62 
6/28/2023,$42.98 ,88113420,$42.31 ,$43.73 ,$42.29 
6/27/2023,$41.71 ,48180660,$41.74 ,$42.09 ,$41.15 
6/26/2023,$41.59 ,46400220,$42.24 ,$43.10 ,$41.49 
6/23/2023,$42.40 ,82986000,$41.86 ,$42.58 ,$41.77 
6/22/2023,$42.25 ,48722460,$42.29 ,$42.47 ,$41.87 
6/21/2023,$42.45 ,51464410,$43.27 ,$43.46 ,$42.25 
6/20/2023,$43.47 ,47623130,$43.02 ,$44.00 ,$43.00 
6/16/2023,$43.20 ,87537400,$44.62 ,$44.75 ,$43.09 
6/15/2023,$44.53 ,70999150,$44.41 ,$44.87 ,$43.95 
6/14/2023,$44.09 ,84130890,$43.50 ,$44.73 ,$43.35 
6/13/2023,$43.57 ,78205350,$43.00 ,$43.73 ,$42.84 
6/12/2023,$42.40 ,59677120,$41.88 ,$42.47 ,$41.66 
6/9/2023,$42.00 ,123728300,$42.45 ,$42.59 ,$41.48 
6/8/2023,$40.94 ,59910870,$39.98 ,$40.95 ,$39.63 
6/7/2023,$39.98 ,119323900,$41.04 ,$41.90 ,$39.92 
6/6/2023,$39.93 ,49915320,$40.50 ,$40.51 ,$39.69 
6/5/2023,$40.35 ,72474130,$40.05 ,$41.39 ,$40.02 
6/2/2023,$40.05 ,59023810,$40.29 ,$40.66 ,$39.59 
6/1/2023,$40.31 ,71601450,$39.74 ,$40.75 ,$39.31 
5/31/2023,$39.52 ,69880470,$39.19 ,$39.63 ,$38.89 
5/30/2023,$39.30 ,108649900,$39.75 ,$40.51 ,$38.58 
5/26/2023,$37.89 ,93604360,$36.11 ,$38.38 ,$35.60 
5/25/2023,$35.90 ,62631050,$35.96 ,$36.75 ,$35.74 
5/24/2023,$36.49 ,79733160,$35.69 ,$36.72 ,$35.66 
5/23/2023,$35.60 ,68660780,$36.02 ,$36.42 ,$35.43 
5/22/2023,$36.30 ,54064200,$36.54 ,$37.20 ,$36.25 
5/19/2023,$36.54 ,78597030,$36.99 ,$37.00 ,$36.38 
5/18/2023,$37.13 ,209252400,$34.73 ,$37.59 ,$34.64 
5/17/2023,$34.00 ,39588070,$33.18 ,$34.14 ,$32.96 
5/16/2023,$33.38 ,33348630,$33.40 ,$33.52 ,$33.19 
5/15/2023,$33.59 ,36529700,$34.06 ,$34.19 ,$33.55 
5/12/2023,$33.99 ,60823600,$34.48 ,$34.82 ,$33.74 
5/11/2023,$34.48 ,80335310,$33.50 ,$34.55 ,$33.18 
5/10/2023,$33.54 ,42898970,$33.52 ,$33.71 ,$32.95 
5/9/2023,$33.21 ,55448520,$33.07 ,$33.63 ,$32.97 
5/8/2023,$33.12 ,54885930,$32.30 ,$33.26 ,$32.20 
5/5/2023,$32.28 ,39906370,$32.36 ,$32.42 ,$31.94 
5/4/2023,$32.08 ,38796570,$31.90 ,$32.36 ,$31.80 
5/3/2023,$31.93 ,50640570,$31.76 ,$32.46 ,$31.59 
5/2/2023,$31.76 ,43186120,$32.50 ,$32.61 ,$31.56 
5/1/2023,$32.41 ,53414840,$32.94 ,$33.12 ,$31.81 
4/28/2023,$32.99 ,42283740,$32.52 ,$33.08 ,$32.40 
4/27/2023,$32.59 ,56187680,$32.43 ,$32.75 ,$31.74 
4/26/2023,$32.12 ,46232380,$32.14 ,$32.59 ,$32.05 
4/25/2023,$32.26 ,54266420,$32.85 ,$32.87 ,$32.11 
4/24/2023,$32.90 ,55866270,$33.02 ,$33.47 ,$32.68 
4/21/2023,$32.80 ,63480000,$32.30 ,$32.83 ,$31.95 
4/20/2023,$32.54 ,99478000,$32.04 ,$33.14 ,$31.83 
4/19/2023,$32.31 ,221282700,$32.42 ,$32.58 ,$31.61 
4/18/2023,$33.37 ,179445000,$33.50 ,$33.72 ,$33.05 
4/17/2023,$33.27 ,61360470,$33.80 ,$33.84 ,$32.75 
4/14/2023,$33.86 ,53505080,$34.29 ,$34.49 ,$33.64 
4/13/2023,$34.62 ,74064370,$34.00 ,$34.64 ,$33.88 
4/12/2023,$33.10 ,39654400,$34.08 ,$34.28 ,$33.00 
4/11/2023,$33.82 ,40447780,$34.35 ,$34.71 ,$33.76 
4/10/2023,$33.90 ,26578980,$33.53 ,$33.99 ,$33.34 
4/6/2023,$33.93 ,46605420,$33.93 ,$34.05 ,$33.26 
4/5/2023,$34.24 ,42055450,$34.53 ,$34.54 ,$33.63 
4/4/2023,$34.68 ,32980720,$34.85 ,$34.98 ,$34.40 
4/3/2023,$34.83 ,44136500,$34.18 ,$34.86 ,$34.04 
3/31/2023,$34.55 ,56101610,$34.01 ,$34.58 ,$33.72 
3/30/2023,$33.84 ,71314680,$34.03 ,$34.33 ,$33.53 
3/29/2023,$33.20 ,62873360,$32.63 ,$33.29 ,$32.57 
3/28/2023,$32.35 ,64893880,$32.61 ,$33.33 ,$32.13 
3/27/2023,$32.77 ,86257630,$32.76 ,$33.64 ,$32.44 
3/24/2023,$32.84 ,130040900,$32.06 ,$33.18 ,$32.06 
3/23/2023,$32.04 ,156533500,$30.47 ,$32.28 ,$30.41 
3/22/2023,$29.39 ,58080350,$30.63 ,$30.65 ,$29.35 
3/21/2023,$30.58 ,48862790,$30.63 ,$30.79 ,$30.04 
3/20/2023,$30.51 ,51134300,$29.98 ,$30.75 ,$29.60 
3/17/2023,$30.35 ,69187770,$31.01 ,$31.08 ,$30.00 
3/16/2023,$31.01 ,79123710,$30.48 ,$31.66 ,$30.17 
3/15/2023,$30.38 ,92153400,$29.25 ,$30.63 ,$29.23 
3/14/2023,$29.49 ,59566920,$29.60 ,$29.75 ,$29.03 
3/13/2023,$29.35 ,62923850,$28.73 ,$29.92 ,$28.53 
3/10/2023,$29.28 ,57593150,$29.79 ,$29.88 ,$28.90 
3/9/2023,$29.78 ,74433500,$31.21 ,$31.25 ,$29.49 
3/8/2023,$31.18 ,34794740,$30.93 ,$31.18 ,$30.58 
3/7/2023,$30.85 ,45530820,$31.27 ,$31.43 ,$30.66 
3/6/2023,$31.20 ,56607430,$31.70 ,$32.33 ,$31.18 
3/3/2023,$31.52 ,59533190,$31.55 ,$31.75 ,$31.08 
3/2/2023,$31.19 ,49210530,$31.10 ,$31.56 ,$31.04 
3/1/2023,$31.35 ,49113110,$32.16 ,$32.66 ,$31.24 
2/28/2023,$32.21 ,36760750,$32.37 ,$32.76 ,$32.12 
2/27/2023,$32.30 ,61425800,$32.39 ,$33.00 ,$32.21 
2/24/2023,$31.72 ,68306920,$31.93 ,$32.15 ,$31.45 
2/23/2023,$32.37 ,132386700,$33.12 ,$33.13 ,$31.43 
2/22/2023,$33.49 ,45462490,$33.75 ,$34.19 ,$33.28 
2/21/2023,$33.75 ,57102920,$34.29 ,$34.41 ,$33.64 
2/17/2023,$34.80 ,52947270,$34.79 ,$34.90 ,$34.24 
2/16/2023,$35.07 ,52157260,$35.50 ,$36.15 ,$35.03 
2/15/2023,$36.14 ,39699450,$35.66 ,$36.29 ,$35.42 
2/14/2023,$36.00 ,46247580,$35.76 ,$36.38 ,$35.34 
2/13/2023,$35.86 ,71344450,$34.95 ,$35.97 ,$34.43 
2/10/2023,$34.74 ,72910960,$35.92 ,$36.21 ,$34.71 
2/9/2023,$36.25 ,69011000,$37.24 ,$37.38 ,$36.17 
2/8/2023,$36.68 ,62531790,$36.00 ,$36.82 ,$35.83 
2/7/2023,$36.30 ,62893680,$35.85 ,$36.42 ,$35.42 
2/6/2023,$36.15 ,49949420,$36.36 ,$36.85 ,$36.07 
2/3/2023,$36.59 ,94020340,$35.91 ,$37.94 ,$35.90 
2/2/2023,$36.69 ,78569520,$36.52 ,$36.83 ,$35.84 
2/1/2023,$36.20 ,80051700,$35.39 ,$36.54 ,$34.99 
1/31/2023,$35.39 ,56607380,$35.00 ,$35.60 ,$34.87 
1/30/2023,$35.31 ,51275930,$35.84 ,$36.10 ,$35.29 
1/27/2023,$36.08 ,67035480,$36.32 ,$36.59 ,$36.06 
1/26/2023,$36.49 ,82568440,$36.88 ,$36.90 ,$36.17 
1/25/2023,$36.80 ,77669070,$36.06 ,$36.89 ,$35.85 
1/24/2023,$36.38 ,117965300,$35.75 ,$36.57 ,$35.51 
1/23/2023,$35.74 ,156468500,$34.17 ,$36.22 ,$34.06 
1/20/2023,$34.25 ,284303400,$33.68 ,$34.40 ,$33.26 
1/19/2023,$31.58 ,180082000,$32.26 ,$32.49 ,$31.34 
1/18/2023,$32.63 ,78141150,$32.68 ,$33.01 ,$32.13 
1/17/2023,$32.62 ,92469870,$33.11 ,$33.25 ,$32.36 
1/13/2023,$33.28 ,82868160,$33.00 ,$33.67 ,$32.89 
1/12/2023,$33.01 ,108562500,$33.25 ,$33.30 ,$32.31 
1/11/2023,$32.73 ,95796810,$32.65 ,$32.89 ,$32.14 
1/10/2023,$32.75 ,130722900,$31.11 ,$32.94 ,$31.11 
1/9/2023,$31.52 ,67666280,$31.68 ,$32.17 ,$31.32 
1/6/2023,$31.56 ,89598390,$31.16 ,$31.68 ,$30.37 
1/5/2023,$30.97 ,83283900,$30.70 ,$31.42 ,$30.45 
1/4/2023,$30.94 ,93450540,$29.82 ,$31.11 ,$29.55 
1/3/2023,$29.50 ,67639640,$29.81 ,$29.84 ,$28.87 
12/30/2022,$29.49 ,75668920,$28.55 ,$29.50 ,$28.32 
12/29/2022,$29.11 ,95885270,$28.32 ,$29.55 ,$28.10 
12/28/2022,$27.69 ,59643690,$28.19 ,$28.52 ,$27.34 
12/27/2022,$28.42 ,57780980,$29.32 ,$29.36 ,$28.21 
12/23/2022,$29.50 ,42511080,$29.62 ,$29.85 ,$29.19 
12/22/2022,$29.78 ,78561920,$29.81 ,$29.89 ,$29.08 
12/21/2022,$29.80 ,63761730,$29.00 ,$30.07 ,$28.65 
12/20/2022,$28.82 ,69181140,$28.12 ,$28.93 ,$28.08 
12/19/2022,$28.83 ,61636670,$28.97 ,$29.23 ,$28.61 
12/16/2022,$29.07 ,140800500,$28.88 ,$29.47 ,$28.87 
12/15/2022,$29.04 ,177245600,$30.21 ,$30.34 ,$28.66 
12/14/2022,$31.78 ,75432910,$31.90 ,$32.47 ,$31.44 
12/13/2022,$32.03 ,107564300,$32.80 ,$33.27 ,$31.72 
12/12/2022,$31.52 ,101486100,$32.00 ,$32.32 ,$30.89 
12/9/2022,$32.00 ,143640300,$32.15 ,$32.90 ,$31.95 
12/8/2022,$31.03 ,72053260,$30.91 ,$31.24 ,$30.48 
12/7/2022,$30.84 ,78216340,$30.65 ,$30.96 ,$30.21 
12/6/2022,$30.56 ,71953950,$31.10 ,$31.32 ,$30.31 
12/5/2022,$31.26 ,84230290,$31.65 ,$32.28 ,$31.09 
12/2/2022,$32.04 ,126906000,$31.05 ,$32.20 ,$31.00 
12/1/2022,$31.70 ,146648700,$30.40 ,$31.98 ,$30.30 
11/30/2022,$30.55 ,160701200,$28.14 ,$30.83 ,$28.04 
11/29/2022,$28.10 ,57868740,$28.25 ,$28.30 ,$27.59 
11/28/2022,$28.12 ,47070490,$28.40 ,$28.96 ,$28.05 
11/25/2022,$28.55 ,32359530,$28.90 ,$28.92 ,$28.42 
11/23/2022,$29.15 ,59189880,$28.59 ,$29.25 ,$28.38 
11/22/2022,$28.67 ,62451190,$28.50 ,$28.70 ,$27.73 
11/21/2022,$28.51 ,72565070,$29.10 ,$29.19 ,$28.27 
11/18/2022,$28.80 ,84001080,$29.73 ,$29.80 ,$28.70 
11/17/2022,$29.53 ,98382200,$29.47 ,$29.98 ,$29.10 
11/16/2022,$30.60 ,80385560,$30.99 ,$31.05 ,$30.36 
11/15/2022,$31.02 ,146269300,$30.92 ,$31.27 ,$30.26 
11/14/2022,$29.93 ,179734000,$29.00 ,$31.10 ,$28.82 
11/11/2022,$29.01 ,95738340,$27.45 ,$29.07 ,$27.16 
11/10/2022,$27.50 ,96673230,$26.60 ,$27.54 ,$26.01 
11/9/2022,$25.47 ,72659940,$25.97 ,$26.09 ,$25.42 
11/8/2022,$26.35 ,76838260,$25.99 ,$26.61 ,$25.69 
11/7/2022,$25.86 ,79270330,$26.11 ,$26.12 ,$25.21 
11/4/2022,$26.08 ,111246900,$27.20 ,$27.50 ,$25.53 
11/3/2022,$26.91 ,70573500,$27.13 ,$27.63 ,$26.88 
11/2/2022,$27.30 ,103676200,$28.64 ,$28.73 ,$27.28 
11/1/2022,$28.68 ,69164240,$29.62 ,$29.97 ,$28.64 
10/31/2022,$29.19 ,75051330,$29.51 ,$29.76 ,$28.95 
10/28/2022,$29.57 ,99605470,$29.77 ,$30.12 ,$29.23 
10/27/2022,$29.69 ,146125900,$29.83 ,$30.52 ,$29.48 
10/26/2022,$29.86 ,157492500,$29.00 ,$30.56 ,$28.80 
10/25/2022,$29.10 ,151007200,$28.70 ,$29.76 ,$28.56 
10/24/2022,$28.25 ,133264200,$29.02 ,$29.05 ,$28.04 
10/21/2022,$28.96 ,248890600,$26.90 ,$29.08 ,$26.57 
10/20/2022,$26.82 ,172071000,$27.28 ,$27.84 ,$26.64 
10/19/2022,$27.24 ,466852600,$26.50 ,$27.93 ,$26.27 
10/18/2022,$24.09 ,257767300,$24.98 ,$25.04 ,$23.77 
10/17/2022,$24.51 ,210578200,$23.44 ,$24.99 ,$23.44 
10/14/2022,$23.00 ,152934000,$23.78 ,$23.88 ,$22.95 
10/13/2022,$23.25 ,175050100,$21.27 ,$23.45 ,$21.17 
10/12/2022,$22.09 ,129526400,$21.43 ,$22.37 ,$21.26 
10/11/2022,$21.43 ,152824100,$22.61 ,$23.04 ,$21.37 
10/10/2022,$23.00 ,99911450,$22.56 ,$23.38 ,$22.42 
10/7/2022,$22.48 ,98061280,$23.58 ,$23.73 ,$22.43 
10/6/2022,$24.00 ,91889400,$23.67 ,$24.43 ,$23.39 
10/5/2022,$23.67 ,108256300,$23.88 ,$24.16 ,$22.74 
10/4/2022,$24.07 ,139258500,$24.48 ,$24.58 ,$23.33 
10/3/2022,$23.90 ,86574430,$23.79 ,$24.15 ,$23.29 
9/30/2022,$23.54 ,118486100,$23.70 ,$24.24 ,$23.33 
9/29/2022,$23.97 ,189949400,$24.16 ,$24.70 ,$23.57 
9/28/2022,$24.52 ,175796700,$22.97 ,$24.67 ,$22.74 
9/27/2022,$22.44 ,77622230,$22.86 ,$23.06 ,$22.07 
9/26/2022,$22.41 ,82342850,$22.56 ,$23.27 ,$22.30 
9/23/2022,$22.64 ,112072300,$23.51 ,$23.65 ,$22.14 
9/22/2022,$23.71 ,100179700,$23.54 ,$24.05 ,$23.17 
9/21/2022,$23.69 ,91667720,$24.27 ,$24.83 ,$23.67 
9/20/2022,$24.29 ,160374300,$24.04 ,$25.05 ,$23.97 
9/19/2022,$24.36 ,179123700,$24.51 ,$24.53 ,$23.58 
9/16/2022,$24.01 ,189141800,$23.12 ,$24.14 ,$22.78 
9/15/2022,$23.54 ,194541200,$23.05 ,$24.23 ,$22.91 
9/14/2022,$22.41 ,82303400,$21.98 ,$22.80 ,$21.58 
9/13/2022,$21.81 ,80001280,$22.65 ,$22.77 ,$21.77 
9/12/2022,$23.65 ,60474250,$23.36 ,$23.95 ,$23.34 
9/9/2022,$23.36 ,67020600,$22.96 ,$23.48 ,$22.96 
9/8/2022,$22.74 ,67374360,$22.42 ,$22.87 ,$22.13 
9/7/2022,$22.90 ,81493290,$22.02 ,$22.93 ,$21.83 
9/6/2022,$21.84 ,74690160,$22.56 ,$22.69 ,$21.47 
9/2/2022,$22.61 ,81648830,$23.10 ,$23.39 ,$22.50 
9/1/2022,$23.00 ,72929170,$22.07 ,$23.04 ,$21.95 
8/31/2022,$22.36 ,86159060,$22.70 ,$23.39 ,$22.34 
8/30/2022,$22.07 ,57404340,$22.67 ,$22.98 ,$21.87 
8/29/2022,$22.46 ,71093970,$22.19 ,$22.99 ,$22.15 
8/26/2022,$22.33 ,53498480,$23.36 ,$23.70 ,$22.32 
8/25/2022,$23.40 ,37668670,$23.02 ,$23.42 ,$22.90 
8/24/2022,$22.96 ,54263160,$22.57 ,$23.41 ,$22.39 
8/23/2022,$22.46 ,52769450,$22.65 ,$22.99 ,$22.43 
8/22/2022,$22.65 ,86300940,$23.26 ,$23.35 ,$22.46 
8/19/2022,$24.12 ,75047070,$24.10 ,$24.33 ,$23.57 
8/18/2022,$24.52 ,52803870,$24.20 ,$24.65 ,$23.93 
8/17/2022,$24.12 ,56272240,$24.12 ,$24.42 ,$23.76 
8/16/2022,$24.57 ,51368060,$24.72 ,$24.93 ,$24.40 
8/15/2022,$24.91 ,65273910,$24.81 ,$25.20 ,$24.75 
8/12/2022,$24.93 ,60985310,$24.48 ,$24.94 ,$24.38 
8/11/2022,$24.27 ,87800620,$24.47 ,$25.16 ,$24.15 
8/10/2022,$24.41 ,92547600,$23.70 ,$24.45 ,$23.66 
8/9/2022,$22.99 ,61811940,$23.16 ,$23.22 ,$22.47 
8/8/2022,$23.35 ,109974100,$22.75 ,$24.20 ,$22.64 
8/5/2022,$22.68 ,55397330,$22.53 ,$22.86 ,$22.29 
8/4/2022,$22.99 ,71427410,$22.77 ,$23.21 ,$22.51 
8/3/2022,$22.67 ,64007010,$22.48 ,$22.81 ,$22.24 
8/2/2022,$22.14 ,63613270,$22.28 ,$22.82 ,$22.09 
8/1/2022,$22.62 ,55250440,$22.31 ,$22.84 ,$22.10 
7/29/2022,$22.49 ,90649370,$22.33 ,$23.08 ,$22.24 
7/28/2022,$22.60 ,89727380,$22.46 ,$22.81 ,$21.97 
7/27/2022,$22.68 ,105083900,$21.65 ,$22.78 ,$21.46 
7/26/2022,$21.39 ,95085320,$21.67 ,$21.94 ,$21.16 
7/25/2022,$21.85 ,109352500,$22.13 ,$22.52 ,$21.64 
7/22/2022,$22.04 ,178054500,$22.24 ,$22.94 ,$21.84 
7/21/2022,$22.39 ,234301200,$21.43 ,$22.43 ,$21.15 
7/20/2022,$21.64 ,539202700,$20.82 ,$21.70 ,$20.01 
7/19/2022,$20.16 ,281787200,$19.30 ,$20.20 ,$18.84 
7/18/2022,$19.09 ,163228500,$19.25 ,$19.97 ,$18.98 
7/15/2022,$18.91 ,163191200,$17.56 ,$18.92 ,$17.46 
7/14/2022,$17.48 ,90394570,$17.56 ,$17.75 ,$17.18 
7/13/2022,$17.66 ,127344200,$17.05 ,$17.92 ,$16.97 
7/12/2022,$17.45 ,68452640,$17.73 ,$17.98 ,$17.34 
7/11/2022,$17.73 ,60484470,$18.47 ,$18.50 ,$17.69 
7/8/2022,$18.70 ,58356800,$18.60 ,$18.99 ,$18.28 
7/7/2022,$18.93 ,63345450,$18.43 ,$19.02 ,$18.35 
7/6/2022,$18.41 ,57533850,$18.52 ,$18.62 ,$18.08 
7/5/2022,$18.59 ,73390230,$17.63 ,$18.59 ,$17.27 
7/1/2022,$18.00 ,52015830,$17.65 ,$18.01 ,$17.43 
6/30/2022,$17.49 ,78947100,$17.71 ,$17.95 ,$17.03 
6/29/2022,$17.84 ,57668470,$17.96 ,$18.07 ,$17.51 
6/28/2022,$17.96 ,72018970,$18.92 ,$19.22 ,$17.94 
6/27/2022,$18.91 ,83638790,$19.18 ,$19.18 ,$18.24 
6/24/2022,$19.09 ,124239700,$18.35 ,$19.12 ,$18.18 
6/23/2022,$18.17 ,95382260,$18.05 ,$18.28 ,$17.59 
6/22/2022,$17.89 ,120106200,$17.08 ,$18.28 ,$17.02 
6/21/2022,$17.09 ,121775900,$17.76 ,$17.86 ,$16.98 
6/17/2022,$17.55 ,121333700,$17.36 ,$17.97 ,$17.33 
6/16/2022,$17.34 ,82013060,$17.40 ,$17.63 ,$17.16 
6/15/2022,$18.01 ,123960400,$16.93 ,$18.38 ,$16.85 
6/14/2022,$16.75 ,115553200,$16.98 ,$17.21 ,$16.43 
6/13/2022,$16.97 ,102224100,$17.71 ,$17.91 ,$16.90 
6/10/2022,$18.29 ,130742800,$18.26 ,$18.59 ,$18.09 
6/9/2022,$19.28 ,69489670,$20.07 ,$20.17 ,$19.25 
6/8/2022,$20.28 ,72441210,$19.80 ,$20.74 ,$19.76 
6/7/2022,$19.86 ,48394910,$19.49 ,$19.96 ,$19.30 
6/6/2022,$19.71 ,53720430,$20.21 ,$20.39 ,$19.54 
6/3/2022,$19.90 ,71917750,$20.01 ,$20.30 ,$19.81 
6/2/2022,$20.51 ,96231210,$19.20 ,$20.55 ,$19.17 
6/1/2022,$19.29 ,84161510,$19.87 ,$20.27 ,$19.17 
5/31/2022,$19.74 ,113984600,$19.62 ,$20.00 ,$19.08 
5/27/2022,$19.52 ,85859870,$19.32 ,$19.53 ,$19.04 
5/26/2022,$19.14 ,80499330,$18.65 ,$19.23 ,$18.31 
5/25/2022,$18.78 ,85220920,$18.03 ,$18.89 ,$18.02 
5/24/2022,$18.03 ,77063720,$18.20 ,$18.40 ,$17.72 
5/23/2022,$18.74 ,96020270,$18.62 ,$18.77 ,$17.79 
5/20/2022,$18.64 ,104294000,$18.59 ,$19.02 ,$17.98 
5/19/2022,$18.35 ,104485100,$17.80 ,$18.63 ,$17.57 
5/18/2022,$17.72 ,96656320,$18.67 ,$18.77 ,$17.63 
5/17/2022,$19.06 ,98766850,$18.92 ,$19.14 ,$18.52 
5/16/2022,$18.65 ,161450100,$19.33 ,$19.59 ,$18.57 
5/13/2022,$18.76 ,131363300,$17.72 ,$18.78 ,$17.60 
5/12/2022,$17.43 ,176621200,$16.40 ,$17.76 ,$16.27 
5/11/2022,$16.64 ,126655200,$17.61 ,$18.09 ,$16.56 
5/10/2022,$17.77 ,138839100,$17.60 ,$18.19 ,$17.06 
5/9/2022,$17.31 ,140313300,$17.77 ,$18.32 ,$17.23 
5/6/2022,$18.10 ,171854800,$18.68 ,$18.72 ,$17.58 
5/5/2022,$18.83 ,139713300,$20.05 ,$20.07 ,$18.60 
5/4/2022,$20.40 ,122187800,$19.77 ,$20.44 ,$19.10 
5/3/2022,$19.99 ,118394300,$19.83 ,$20.32 ,$19.48 
5/2/2022,$19.95 ,145916000,$19.17 ,$20.02 ,$19.00 
4/29/2022,$19.04 ,163918900,$19.87 ,$20.47 ,$19.00 
4/28/2022,$19.95 ,213631600,$19.16 ,$20.15 ,$18.56 
4/27/2022,$18.85 ,222983900,$19.40 ,$20.02 ,$18.78 
4/26/2022,$19.84 ,203180900,$20.88 ,$20.92 ,$19.83 
4/25/2022,$20.99 ,281520500,$21.38 ,$21.67 ,$20.45 
4/22/2022,$21.55 ,375151300,$22.02 ,$22.63 ,$21.01 
4/21/2022,$21.82 ,535016000,$22.00 ,$22.77 ,$21.15 
4/20/2022,$22.62 ,1333875000,$24.52 ,$24.87 ,$21.25 
4/19/2022,$34.86 ,209068900,$33.32 ,$35.17 ,$33.32 
4/18/2022,$33.79 ,51050410,$34.00 ,$34.24 ,$33.16 
4/14/2022,$34.11 ,43438370,$35.10 ,$35.20 ,$33.99 
4/13/2022,$35.04 ,32309500,$34.39 ,$35.20 ,$34.12 
4/12/2022,$34.41 ,38242610,$35.59 ,$35.94 ,$34.23 
4/11/2022,$34.80 ,37770960,$35.00 ,$35.48 ,$34.52 
4/8/2022,$35.59 ,40251830,$36.20 ,$36.25 ,$35.49 
4/7/2022,$36.22 ,49489090,$36.50 ,$36.85 ,$35.37 
4/6/2022,$36.84 ,43548850,$37.42 ,$37.65 ,$36.27 
4/5/2022,$38.02 ,42345080,$38.93 ,$39.00 ,$37.73 
4/4/2022,$39.15 ,70092350,$37.36 ,$39.60 ,$37.31 
4/1/2022,$37.35 ,46442370,$37.68 ,$38.09 ,$36.85 
3/31/2022,$37.46 ,41347200,$38.36 ,$38.40 ,$37.36 
3/30/2022,$38.15 ,40233010,$38.96 ,$39.27 ,$37.86 
3/29/2022,$39.18 ,58807230,$38.44 ,$39.65 ,$38.03 
3/28/2022,$37.85 ,43234350,$37.52 ,$38.03 ,$36.67 
3/25/2022,$37.39 ,35759530,$37.71 ,$37.76 ,$36.64 
3/24/2022,$37.57 ,38884610,$37.98 ,$37.98 ,$36.89 
3/23/2022,$37.45 ,37289540,$37.98 ,$38.25 ,$37.45 
3/22/2022,$38.29 ,42427620,$37.11 ,$38.67 ,$36.68 
3/21/2022,$37.46 ,48664630,$37.80 ,$38.18 ,$36.89 
3/18/2022,$38.06 ,83248250,$37.20 ,$38.18 ,$36.85 
3/17/2022,$37.14 ,58183480,$35.97 ,$37.33 ,$35.49 
3/16/2022,$35.75 ,69824690,$34.82 ,$36.00 ,$34.31 
3/15/2022,$34.38 ,54606400,$33.51 ,$34.54 ,$33.24 
3/14/2022,$33.10 ,59078170,$33.87 ,$34.13 ,$32.98 
3/11/2022,$34.03 ,48199250,$36.12 ,$36.34 ,$34.00 
3/10/2022,$35.68 ,48077670,$35.62 ,$36.70 ,$35.33 
3/9/2022,$35.88 ,65201860,$35.77 ,$36.41 ,$35.05 
3/8/2022,$34.18 ,64286550,$34.98 ,$35.89 ,$34.07 
3/7/2022,$35.03 ,57083830,$36.04 ,$36.20 ,$35.02 
3/4/2022,$36.17 ,53291800,$36.80 ,$37.48 ,$35.72 
3/3/2022,$36.81 ,60768360,$38.60 ,$38.61 ,$36.47 
3/2/2022,$38.00 ,53568090,$38.89 ,$38.92 ,$37.52 
3/1/2022,$38.62 ,32904390,$39.16 ,$39.50 ,$38.37 
2/28/2022,$39.45 ,50350460,$38.73 ,$39.78 ,$38.21 
2/25/2022,$39.08 ,48416360,$38.66 ,$39.13 ,$37.56 
2/24/2022,$39.00 ,70687240,$35.51 ,$39.07 ,$35.47 
2/23/2022,$36.75 ,46142900,$38.27 ,$38.60 ,$36.67 
2/22/2022,$37.74 ,66975150,$38.90 ,$39.24 ,$37.30 
2/18/2022,$39.13 ,68016680,$39.25 ,$40.29 ,$38.90 
2/17/2022,$38.67 ,46692220,$39.42 ,$39.91 ,$38.57 
2/16/2022,$39.81 ,52776500,$40.15 ,$40.16 ,$39.04 
2/15/2022,$40.75 ,53956410,$40.38 ,$40.92 ,$40.10 
2/14/2022,$39.66 ,72021550,$38.76 ,$40.94 ,$38.69 
2/11/2022,$39.13 ,75589390,$40.53 ,$41.16 ,$38.77 
2/10/2022,$40.63 ,84529150,$40.21 ,$40.80 ,$39.64 
2/9/2022,$41.29 ,77382270,$40.87 ,$41.30 ,$39.88 
2/8/2022,$40.35 ,68185430,$39.82 ,$40.66 ,$39.58 
2/7/2022,$40.21 ,82328590,$41.02 ,$41.24 ,$39.36 
2/4/2022,$41.02 ,77897980,$40.73 ,$41.28 ,$39.66 
2/3/2022,$40.56 ,99052100,$42.14 ,$42.93 ,$40.43 
2/2/2022,$42.95 ,143460100,$44.83 ,$45.20 ,$42.65 
2/1/2022,$45.71 ,225681000,$43.30 ,$45.85 ,$42.55 
1/31/2022,$42.71 ,200474500,$40.20 ,$42.77 ,$39.82 
1/28/2022,$38.44 ,119666100,$38.68 ,$38.70 ,$37.21 
1/27/2022,$38.67 ,243247500,$38.21 ,$39.48 ,$37.81 
1/26/2022,$35.97 ,126839800,$37.83 ,$38.27 ,$35.66 
1/25/2022,$36.64 ,151458200,$37.91 ,$38.77 ,$36.51 
1/24/2022,$38.72 ,323867800,$38.39 ,$38.73 ,$35.15 
1/21/2022,$39.75 ,589042700,$40.04 ,$40.92 ,$38.00 
1/20/2022,$50.83 ,126589900,$51.78 ,$52.66 ,$50.69 
1/19/2022,$51.59 ,43535080,$51.50 ,$52.32 ,$51.05 
1/18/2022,$51.08 ,48444180,$52.01 ,$52.18 ,$50.87 
1/14/2022,$52.57 ,78611090,$51.76 ,$53.84 ,$51.19 
1/13/2022,$51.92 ,44750630,$53.71 ,$54.08 ,$51.83 
1/12/2022,$53.72 ,37873720,$54.43 ,$54.43 ,$53.20 
1/11/2022,$54.08 ,30778360,$53.70 ,$54.39 ,$53.01 
1/10/2022,$53.99 ,44861450,$53.85 ,$54.37 ,$52.63 
1/7/2022,$54.11 ,33828730,$54.95 ,$55.34 ,$53.82 
1/6/2022,$55.33 ,57117950,$55.43 ,$56.34 ,$54.20 
1/5/2022,$56.75 ,41487490,$59.20 ,$59.28 ,$56.69 
1/4/2022,$59.12 ,43931350,$59.99 ,$60.04 ,$58.16 
1/3/2022,$59.74 ,30688080,$60.56 ,$61.00 ,$59.06 
12/31/2021,$60.24 ,19959180,$61.00 ,$61.41 ,$60.21 
12/30/2021,$61.21 ,16250930,$61.30 ,$62.06 ,$61.12 
12/29/2021,$61.05 ,12875130,$61.07 ,$61.40 ,$60.47 
12/28/2021,$61.07 ,18841160,$61.50 ,$61.84 ,$60.97 
12/27/2021,$61.31 ,20622330,$61.50 ,$61.50 ,$60.93 
12/23/2021,$61.41 ,16211460,$61.64 ,$61.69 ,$60.76 
12/22/2021,$61.42 ,23357450,$60.34 ,$61.48 ,$60.26 
12/21/2021,$60.49 ,23193900,$59.75 ,$60.78 ,$59.39 
12/20/2021,$59.37 ,33584040,$58.64 ,$60.29 ,$58.43 
12/17/2021,$58.67 ,44337060,$59.16 ,$59.33 ,$58.17 
12/16/2021,$59.11 ,31432170,$59.71 ,$60.28 ,$58.80 
12/15/2021,$60.50 ,28661960,$59.82 ,$60.57 ,$58.45 
12/14/2021,$59.80 ,29845360,$59.87 ,$60.23 ,$58.81 
12/13/2021,$60.46 ,25179150,$61.20 ,$61.26 ,$59.95 
12/10/2021,$61.17 ,27487740,$61.68 ,$61.77 ,$60.59 
12/9/2021,$61.10 ,23763210,$62.76 ,$63.02 ,$61.04 
12/8/2021,$62.81 ,22203080,$63.00 ,$63.25 ,$62.32 
12/7/2021,$62.56 ,31251900,$61.98 ,$62.89 ,$61.14 
12/6/2021,$61.27 ,30756720,$60.60 ,$61.73 ,$60.10 
12/3/2021,$60.21 ,48292820,$62.28 ,$62.55 ,$59.40 
12/2/2021,$61.65 ,33311310,$61.71 ,$62.54 ,$61.29 
12/1/2021,$61.78 ,38970190,$64.95 ,$65.45 ,$61.71 
11/30/2021,$64.19 ,56089190,$66.82 ,$67.54 ,$64.00 
11/29/2021,$66.38 ,25293640,$66.32 ,$66.80 ,$65.83 
11/26/2021,$66.56 ,28725130,$67.50 ,$67.64 ,$66.07 
11/24/2021,$65.83 ,18672820,$65.80 ,$66.14 ,$65.11 
11/23/2021,$65.41 ,23209170,$65.82 ,$66.64 ,$64.61 
11/22/2021,$65.92 ,27653180,$67.60 ,$67.95 ,$65.65 
11/19/2021,$67.88 ,26148520,$69.24 ,$69.42 ,$67.50 
11/18/2021,$68.20 ,20149920,$69.16 ,$69.17 ,$67.97 
11/17/2021,$69.17 ,27328310,$69.00 ,$70.10 ,$68.61 
11/16/2021,$68.74 ,20773870,$67.83 ,$68.84 ,$67.69 
11/15/2021,$67.93 ,28721860,$68.12 ,$68.53 ,$67.15 
11/12/2021,$68.26 ,41984100,$66.00 ,$68.33 ,$65.38 
11/11/2021,$65.76 ,28683110,$65.02 ,$66.58 ,$64.97 
11/10/2021,$64.69 ,24057850,$65.30 ,$66.03 ,$64.21 
11/9/2021,$65.60 ,24156300,$65.37 ,$66.05 ,$65.05 
11/8/2021,$65.15 ,28875230,$65.03 ,$65.60 ,$64.38 
11/5/2021,$64.57 ,52834880,$66.40 ,$66.56 ,$64.50 
11/4/2021,$66.84 ,48650230,$68.59 ,$68.59 ,$66.55 
11/3/2021,$68.83 ,23348520,$67.73 ,$68.94 ,$67.73 
11/2/2021,$67.77 ,38885970,$68.31 ,$68.77 ,$67.38 
11/1/2021,$68.12 ,31109110,$68.91 ,$69.00 ,$67.65 
10/29/2021,$69.03 ,38252790,$67.31 ,$69.10 ,$67.12 
10/28/2021,$67.41 ,28594090,$67.09 ,$67.68 ,$66.80 
10/27/2021,$66.29 ,22769140,$66.90 ,$67.14 ,$66.19 
10/26/2021,$66.85 ,29048400,$67.38 ,$67.65 ,$66.28 
10/25/2021,$67.17 ,38335260,$66.37 ,$67.59 ,$65.71 
10/22/2021,$66.48 ,61860160,$65.18 ,$66.55 ,$65.18 
10/21/2021,$65.32 ,84370700,$62.89 ,$65.40 ,$62.87 
10/20/2021,$62.51 ,106220000,$62.56 ,$63.74 ,$61.72 
10/19/2021,$63.90 ,76331470,$63.70 ,$64.10 ,$63.23 
10/18/2021,$63.80 ,46690710,$63.21 ,$63.84 ,$62.06 
10/15/2021,$62.83 ,41168740,$63.80 ,$63.94 ,$62.52 
10/14/2021,$63.38 ,26725350,$63.22 ,$63.69 ,$62.68 
10/13/2021,$62.98 ,24246380,$63.22 ,$63.22 ,$62.21 
10/12/2021,$62.49 ,32273490,$63.30 ,$63.77 ,$62.20 
10/11/2021,$62.70 ,28624700,$63.32 ,$63.94 ,$62.68 
10/8/2021,$63.27 ,32720930,$63.42 ,$64.38 ,$63.09 
10/7/2021,$63.19 ,35568860,$64.22 ,$64.68 ,$63.05 
10/6/2021,$63.91 ,45804340,$62.82 ,$63.99 ,$62.64 
10/5/2021,$63.48 ,95342930,$60.69 ,$64.04 ,$60.69 
10/4/2021,$60.34 ,49959320,$61.34 ,$62.61 ,$59.47 
10/1/2021,$61.32 ,40908470,$60.42 ,$61.50 ,$59.75 
9/30/2021,$61.03 ,66160400,$60.81 ,$61.90 ,$60.81 
9/29/2021,$59.91 ,62210260,$58.90 ,$60.99 ,$58.80 
9/28/2021,$58.39 ,44310510,$58.90 ,$59.95 ,$58.02 
9/27/2021,$59.26 ,25047380,$58.80 ,$59.36 ,$57.69 
9/24/2021,$59.24 ,21262460,$59.25 ,$59.30 ,$58.36 
9/23/2021,$59.33 ,25261610,$59.08 ,$59.93 ,$58.91 
9/22/2021,$59.07 ,40218450,$57.97 ,$59.57 ,$57.97 
9/21/2021,$57.31 ,22508840,$57.83 ,$58.19 ,$56.94 
9/20/2021,$57.54 ,37322270,$58.68 ,$59.15 ,$56.81 
9/17/2021,$58.94 ,41451450,$58.79 ,$59.03 ,$58.09 
9/16/2021,$58.65 ,18320280,$58.43 ,$58.75 ,$57.77 
9/15/2021,$58.29 ,27556150,$57.82 ,$58.46 ,$57.54 
9/14/2021,$57.78 ,34569580,$58.49 ,$58.73 ,$57.56 
9/13/2021,$58.93 ,30628710,$59.86 ,$59.86 ,$58.28 
9/10/2021,$59.87 ,39507640,$59.82 ,$60.95 ,$59.37 
9/9/2021,$59.75 ,29542140,$60.65 ,$60.94 ,$59.66 
9/8/2021,$60.61 ,54245030,$60.38 ,$61.56 ,$59.57 
9/7/2021,$60.67 ,58309790,$59.47 ,$61.39 ,$59.40 
9/3/2021,$59.05 ,26840050,$58.58 ,$59.19 ,$58.31 
9/2/2021,$58.86 ,61847820,$58.37 ,$59.88 ,$58.37 
9/1/2021,$58.21 ,56262140,$56.90 ,$59.10 ,$56.90 
8/31/2021,$56.92 ,24318860,$56.61 ,$56.95 ,$56.16 
8/30/2021,$56.62 ,24348390,$55.73 ,$56.72 ,$55.65 
8/27/2021,$55.89 ,32525950,$55.16 ,$56.42 ,$54.93 
8/26/2021,$55.01 ,15954990,$54.62 ,$55.26 ,$54.59 
8/25/2021,$54.76 ,20656210,$55.02 ,$55.28 ,$54.55 
8/24/2021,$55.34 ,21095250,$55.15 ,$55.53 ,$54.93 
8/23/2021,$55.33 ,26020100,$54.60 ,$55.56 ,$54.37 
8/20/2021,$54.69 ,37764290,$54.51 ,$55.14 ,$53.91 
8/19/2021,$54.37 ,74972920,$52.27 ,$54.84 ,$52.19 
8/18/2021,$52.19 ,25820460,$52.00 ,$52.64 ,$51.87 
8/17/2021,$51.89 ,23098030,$51.55 ,$52.08 ,$51.42 
8/16/2021,$51.79 ,20331760,$51.52 ,$52.34 ,$51.23 
8/13/2021,$51.59 ,21777360,$51.26 ,$52.14 ,$51.15 
8/12/2021,$51.07 ,16861700,$51.19 ,$51.30 ,$50.72 
8/11/2021,$51.24 ,16739040,$51.70 ,$51.96 ,$50.98 
8/10/2021,$51.58 ,19605440,$52.00 ,$52.08 ,$51.30 
8/9/2021,$52.00 ,13677820,$52.11 ,$52.27 ,$51.80 
8/6/2021,$52.06 ,19197980,$52.40 ,$52.68 ,$51.94 
8/5/2021,$52.49 ,25566870,$51.71 ,$52.54 ,$51.40 
8/4/2021,$51.74 ,20393740,$51.30 ,$51.80 ,$51.04 
8/3/2021,$51.08 ,25794270,$51.44 ,$51.56 ,$50.54 
8/2/2021,$51.52 ,20966320,$51.90 ,$51.99 ,$51.05 
7/30/2021,$51.76 ,25371070,$51.27 ,$51.98 ,$51.10 
7/29/2021,$51.43 ,17360140,$52.00 ,$52.08 ,$51.38 
7/28/2021,$51.93 ,23904660,$52.18 ,$52.45 ,$51.70 
7/27/2021,$51.89 ,27590370,$51.81 ,$52.20 ,$51.21 
7/26/2021,$51.65 ,22545380,$51.44 ,$52.11 ,$50.90 
7/23/2021,$51.54 ,38204780,$51.22 ,$51.74 ,$50.47 
7/22/2021,$51.18 ,43280610,$51.02 ,$51.37 ,$50.70 
7/21/2021,$51.36 ,119067900,$52.61 ,$53.10 ,$50.56 
7/20/2021,$53.11 ,69304400,$52.61 ,$53.66 ,$52.03 
7/19/2021,$53.23 ,38857640,$52.61 ,$53.49 ,$52.22 
7/16/2021,$53.03 ,34421010,$54.18 ,$54.41 ,$52.71 
7/15/2021,$54.30 ,57138730,$55.40 ,$55.75 ,$53.82 
7/14/2021,$54.80 ,46595350,$54.10 ,$55.41 ,$54.10 
7/13/2021,$54.07 ,27515930,$53.58 ,$54.53 ,$53.58 
7/12/2021,$53.73 ,17807380,$54.03 ,$54.07 ,$53.29 
7/9/2021,$53.60 ,27772310,$53.10 ,$53.83 ,$52.86 
7/8/2021,$53.08 ,32689880,$53.09 ,$53.55 ,$52.91 
7/7/2021,$53.60 ,27224980,$54.42 ,$54.46 ,$53.17 
7/6/2021,$54.16 ,27750510,$53.30 ,$54.29 ,$53.30 
7/2/2021,$53.40 ,19803160,$53.55 ,$53.85 ,$52.94 
7/1/2021,$53.35 ,28054020,$52.57 ,$53.70 ,$52.57 
6/30/2021,$52.82 ,27734450,$53.41 ,$53.44 ,$52.68 
6/29/2021,$53.35 ,23146470,$53.36 ,$53.61 ,$52.86 
6/28/2021,$53.30 ,28202270,$52.81 ,$53.39 ,$52.46 
6/25/2021,$52.71 ,52990720,$52.88 ,$53.31 ,$52.50 
6/24/2021,$51.81 ,33612020,$51.80 ,$52.10 ,$51.44 
6/23/2021,$51.27 ,39447820,$50.85 ,$51.66 ,$50.82 
6/22/2021,$50.88 ,58092710,$49.85 ,$51.36 ,$49.58 
6/21/2021,$49.70 ,52772970,$50.16 ,$50.21 ,$49.23 
6/18/2021,$50.08 ,51975760,$49.64 ,$50.45 ,$49.52 
6/17/2021,$49.83 ,31982730,$49.03 ,$50.18 ,$49.02 
6/16/2021,$49.24 ,35332060,$49.50 ,$49.65 ,$48.63 
6/15/2021,$49.19 ,31040730,$50.12 ,$50.12 ,$49.04 
6/14/2021,$49.99 ,44002220,$48.97 ,$50.35 ,$48.69 
6/11/2021,$48.88 ,31239690,$49.00 ,$49.14 ,$48.78 
6/10/2021,$48.73 ,43829280,$48.72 ,$49.02 ,$48.21 
6/9/2021,$48.58 ,30550290,$49.45 ,$49.61 ,$48.47 
6/8/2021,$49.24 ,23740370,$49.70 ,$49.88 ,$48.94 
6/7/2021,$49.47 ,27919320,$49.29 ,$49.67 ,$49.06 
6/4/2021,$49.47 ,31604870,$49.20 ,$50.19 ,$49.10 
6/3/2021,$48.94 ,38874450,$49.52 ,$49.67 ,$48.73 
6/2/2021,$49.92 ,22689790,$49.98 ,$50.32 ,$49.58 
6/1/2021,$49.91 ,24825550,$50.40 ,$50.54 ,$49.77 
5/28/2021,$50.28 ,29112970,$50.44 ,$51.18 ,$50.25 
5/27/2021,$50.39 ,32537730,$50.18 ,$50.51 ,$49.85 
5/26/2021,$50.24 ,24653030,$50.23 ,$50.41 ,$50.05 
5/25/2021,$50.13 ,26994590,$50.60 ,$50.64 ,$49.92 
5/24/2021,$50.29 ,24125950,$50.11 ,$50.43 ,$49.95 
5/21/2021,$49.79 ,33229250,$50.31 ,$50.54 ,$49.73 
5/20/2021,$50.17 ,37212180,$48.96 ,$50.27 ,$48.90 
5/19/2021,$48.77 ,33499300,$48.16 ,$48.86 ,$47.85 
5/18/2021,$48.63 ,23504960,$48.84 ,$49.35 ,$48.62 
5/17/2021,$48.89 ,27010570,$48.56 ,$49.27 ,$48.28 
5/14/2021,$49.34 ,28824640,$48.79 ,$49.49 ,$48.66 
5/13/2021,$48.67 ,27165610,$48.91 ,$49.08 ,$48.27 
5/12/2021,$48.50 ,41215400,$48.68 ,$49.35 ,$48.27 
5/11/2021,$49.51 ,44010000,$47.98 ,$49.80 ,$47.86 
5/10/2021,$48.67 ,51316320,$50.20 ,$50.32 ,$48.61 
5/7/2021,$50.38 ,31327860,$50.46 ,$50.86 ,$50.11 
5/6/2021,$49.96 ,37836980,$49.60 ,$49.96 ,$49.14 
5/5/2021,$49.61 ,31293660,$50.50 ,$50.78 ,$49.46 
5/4/2021,$50.32 ,43495020,$51.08 ,$51.16 ,$49.68 
5/3/2021,$50.91 ,40918950,$51.27 ,$51.90 ,$50.52 
4/30/2021,$51.35 ,44132420,$50.50 ,$51.46 ,$50.50 
4/29/2021,$50.90 ,51277920,$50.76 ,$50.93 ,$49.90 
4/28/2021,$50.65 ,31929830,$50.52 ,$50.84 ,$50.33 
4/27/2021,$50.56 ,37613270,$51.26 ,$51.30 ,$50.46 
4/26/2021,$51.03 ,43888390,$50.68 ,$51.05 ,$50.30 
4/23/2021,$50.56 ,73146590,$50.90 ,$50.97 ,$50.07 
4/22/2021,$50.88 ,90610620,$51.38 ,$51.40 ,$50.06 
4/21/2021,$50.89 ,228974500,$50.80 ,$51.55 ,$50.36 
4/20/2021,$54.96 ,112576500,$55.44 ,$56.36 ,$54.63 
4/19/2021,$55.44 ,42887150,$54.69 ,$55.64 ,$54.55 
4/16/2021,$54.65 ,32090750,$55.05 ,$55.20 ,$53.95 
4/15/2021,$54.92 ,31390500,$54.42 ,$55.35 ,$54.27 
4/14/2021,$54.00 ,37402940,$55.49 ,$55.49 ,$53.85 
4/13/2021,$55.37 ,27203440,$55.70 ,$55.98 ,$55.03 
4/12/2021,$55.28 ,29440600,$55.11 ,$55.80 ,$54.96 
4/9/2021,$55.53 ,28940340,$55.27 ,$55.69 ,$54.71 
4/8/2021,$55.46 ,43098290,$55.11 ,$55.69 ,$54.76 
4/7/2021,$54.70 ,21513190,$54.35 ,$54.96 ,$54.15 
4/6/2021,$54.45 ,34742050,$54.48 ,$55.42 ,$54.33 
4/5/2021,$54.07 ,33559040,$54.00 ,$54.29 ,$52.92 
4/1/2021,$53.94 ,39386370,$52.99 ,$54.05 ,$52.70 
3/31/2021,$52.17 ,35031110,$51.57 ,$52.81 ,$51.54 
3/30/2021,$51.34 ,24181290,$51.05 ,$51.44 ,$50.69 
3/29/2021,$51.40 ,33300490,$50.57 ,$51.80 ,$50.44 
3/26/2021,$50.81 ,34677970,$50.28 ,$50.87 ,$49.67 
3/25/2021,$50.29 ,49267640,$51.70 ,$51.85 ,$49.70 
3/24/2021,$52.08 ,41022110,$53.38 ,$53.44 ,$52.00 
3/23/2021,$53.51 ,55834610,$52.99 ,$54.31 ,$52.94 
3/22/2021,$52.31 ,33605870,$50.91 ,$52.93 ,$50.91 
3/19/2021,$51.22 ,43863600,$50.50 ,$51.32 ,$50.16 
3/18/2021,$50.48 ,40966060,$51.64 ,$51.79 ,$50.39 
3/17/2021,$52.44 ,28173760,$52.20 ,$52.84 ,$51.43 
3/16/2021,$52.40 ,32388880,$52.45 ,$53.34 ,$52.32 
3/15/2021,$52.03 ,34855190,$51.63 ,$52.07 ,$50.80 
3/12/2021,$51.80 ,39817430,$51.25 ,$52.65 ,$50.66 
3/11/2021,$52.31 ,47144690,$51.22 ,$53.02 ,$51.07 
3/10/2021,$50.45 ,37714840,$51.35 ,$51.90 ,$50.43 
3/9/2021,$50.64 ,34700420,$50.73 ,$51.31 ,$50.38 
3/8/2021,$49.33 ,39817580,$51.45 ,$51.88 ,$49.29 
3/5/2021,$51.64 ,50699730,$51.20 ,$51.78 ,$49.88 
3/4/2021,$51.13 ,50347920,$52.15 ,$53.15 ,$50.77 
3/3/2021,$52.07 ,53624430,$54.59 ,$54.80 ,$51.78 
3/2/2021,$54.78 ,30422260,$55.33 ,$55.70 ,$54.60 
3/1/2021,$55.06 ,30421800,$54.56 ,$55.21 ,$54.20 
2/26/2021,$53.89 ,37555740,$54.65 ,$55.31 ,$53.80 
2/25/2021,$54.67 ,42528790,$55.03 ,$55.65 ,$53.58 
2/24/2021,$55.34 ,32450380,$53.98 ,$55.69 ,$53.91 
2/23/2021,$54.62 ,41365320,$52.50 ,$54.85 ,$51.83 
2/22/2021,$53.38 ,30785940,$53.50 ,$54.18 ,$53.08 
2/19/2021,$54.02 ,28414570,$54.80 ,$54.90 ,$53.88 
2/18/2021,$54.82 ,24576040,$54.90 ,$55.00 ,$53.82 
2/17/2021,$55.13 ,20715900,$55.10 ,$55.53 ,$54.30 
2/16/2021,$55.73 ,26240970,$55.73 ,$56.36 ,$55.27 
2/12/2021,$55.65 ,21971280,$55.69 ,$56.13 ,$55.09 
2/11/2021,$55.76 ,27305870,$56.44 ,$56.59 ,$55.42 
2/10/2021,$56.36 ,39912640,$56.25 ,$56.67 ,$55.35 
2/9/2021,$55.91 ,37034990,$54.60 ,$56.60 ,$54.30 
2/8/2021,$54.79 ,27917210,$55.50 ,$55.50 ,$54.37 
2/5/2021,$55.08 ,23761750,$55.23 ,$55.44 ,$54.55 
2/4/2021,$55.22 ,51645370,$53.98 ,$55.95 ,$53.75 
2/3/2021,$53.95 ,31722880,$55.02 ,$55.05 ,$53.82 
2/2/2021,$54.82 ,37675690,$54.20 ,$55.55 ,$53.89 
2/1/2021,$53.90 ,35475070,$53.68 ,$54.51 ,$53.17 
1/29/2021,$53.24 ,43252640,$53.80 ,$54.10 ,$53.02 
1/28/2021,$53.86 ,59689780,$53.59 ,$55.31 ,$53.07 
1/27/2021,$52.33 ,86702770,$55.07 ,$55.64 ,$51.57 
1/26/2021,$56.19 ,50238470,$55.47 ,$56.80 ,$55.41 
1/25/2021,$55.68 ,72073290,$56.70 ,$56.98 ,$54.87 
1/22/2021,$56.52 ,75508220,$58.21 ,$58.40 ,$56.44 
1/21/2021,$57.98 ,118406300,$58.25 ,$58.88 ,$57.04 
1/20/2021,$58.63 ,326374500,$56.54 ,$59.33 ,$55.69 
1/19/2021,$50.18 ,123158100,$50.10 ,$50.93 ,$49.35 
1/15/2021,$49.80 ,58957880,$50.00 ,$50.63 ,$49.51 
1/14/2021,$50.09 ,41773570,$50.74 ,$51.45 ,$49.96 
1/13/2021,$50.78 ,50320990,$49.55 ,$51.24 ,$49.30 
1/12/2021,$49.43 ,59904250,$50.00 ,$50.11 ,$48.57 
1/11/2021,$49.91 ,38127200,$50.78 ,$51.07 ,$49.80 
1/8/2021,$51.04 ,29739490,$51.13 ,$51.32 ,$50.45 
1/7/2021,$50.89 ,36864480,$50.83 ,$51.64 ,$50.64 
1/6/2021,$50.05 ,53462100,$51.20 ,$51.31 ,$49.95 
1/5/2021,$52.08 ,31338720,$52.16 ,$52.68 ,$51.59 
1/4/2021,$52.29 ,44444070,$53.90 ,$54.08 ,$51.51 
12/31/2020,$54.07 ,53923220,$52.55 ,$54.55 ,$52.32 
12/30/2020,$52.46 ,18762860,$53.01 ,$53.33 ,$52.37 
12/29/2020,$53.09 ,40223580,$51.99 ,$53.65 ,$51.55 
